clean_text,label
help flood happening at whitefield bangalore,flood
hello there is a flood near nh48 highway,flood
mg road bangalore alli crime aagide,crime
building collapse near majestic bus stand several people injured,building collapse
earthquake near kr market bangalore,earthquake
hello there is a flood near silk board bangalore,flood
whitefield bangalore pe gas leak ho gaya,gas leak
indiranagar metro station pe fire ho gaya,fire
hello there is a gas leak near electronic city,gas leak
medium earthquake near electronic city,earthquake
hello there is a fire near nh48 highway,fire
help fire happening at silk board bangalore,fire
nh48 highway pe gas leak ho gaya,gas leak
kr market bangalore pe fire ho gaya,fire
hebbal flyover alli fire aagide,fire
accident near electronic city several people injured,accident
silk board bangalore alli flood aagide,flood
fire near hebbal flyover two people injured,fire
kr market bangalore pe crime ho gaya,crime
hello there is a flood near electronic city,flood
low crime near majestic bus stand,crime
high flood near kr market bangalore,flood
nh48 highway alli flood aagide,flood
low accident near whitefield bangalore,accident
help earthquake happening at whitefield bangalore,earthquake
hello there is a earthquake near hebbal flyover,earthquake
medium crime near mg road bangalore,crime
accident near silk board bangalore several people injured,accident
hello there is a earthquake near tumkur road,earthquake
help building collapse happening at whitefield bangalore,building collapse
majestic bus stand pe building collapse ho gaya,building collapse
hello there is a accident near hebbal flyover,accident
help earthquake happening at tumkur road,earthquake
electronic city pe fire ho gaya,fire
flood near indiranagar metro station,flood
earthquake near whitefield bangalore several people injured,earthquake
help earthquake happening at electronic city,earthquake
accident near majestic bus stand one person injured,accident
accident near indiranagar metro station,accident
help building collapse happening at whitefield bangalore,building collapse
indiranagar metro station pe crime ho gaya,crime
gas leak near hebbal flyover three people injured,gas leak
indiranagar metro station pe building collapse ho gaya,building collapse
mg road bangalore alli fire aagide,fire
gas leak near nh48 highway,gas leak
crime near tumkur road two people injured,crime
medium gas leak near nh48 highway,gas leak
majestic bus stand pe flood ho gaya,flood
low accident near silk board bangalore,accident
help building collapse happening at nh48 highway,building collapse
high flood near nh48 highway,flood
help flood happening at electronic city,flood
flood near hebbal flyover three people injured,flood
gas leak near majestic bus stand,gas leak
hello there is a crime near electronic city,crime
earthquake near kr market bangalore,earthquake
fire near kr market bangalore,fire
tumkur road pe earthquake ho gaya,earthquake
high accident near tumkur road,accident
hello there is a flood near majestic bus stand,flood
flood near nh48 highway,flood
flood near silk board bangalore two people injured,flood
earthquake near majestic bus stand,earthquake
earthquake near silk board bangalore two people injured,earthquake
indiranagar metro station alli flood aagide,flood
whitefield bangalore alli flood aagide,flood
whitefield bangalore alli gas leak aagide,gas leak
help crime happening at majestic bus stand,crime
accident near kr market bangalore,accident
earthquake near tumkur road,earthquake
majestic bus stand alli earthquake aagide,earthquake
tumkur road pe building collapse ho gaya,building collapse
earthquake near majestic bus stand one person injured,earthquake
silk board bangalore pe crime ho gaya,crime
gas leak near kr market bangalore two people injured,gas leak
earthquake near whitefield bangalore one person injured,earthquake
help gas leak happening at majestic bus stand,gas leak
indiranagar metro station pe fire ho gaya,fire
accident near electronic city three people injured,accident
hello there is a crime near majestic bus stand,crime
kr market bangalore pe crime ho gaya,crime
fire near kr market bangalore,fire
kr market bangalore alli earthquake aagide,earthquake
fire near mg road bangalore,fire
tumkur road alli flood aagide,flood
tumkur road pe building collapse ho gaya,building collapse
hello there is a building collapse near kr market bangalore,building collapse
silk board bangalore alli gas leak aagide,gas leak
hello there is a gas leak near nh48 highway,gas leak
building collapse near majestic bus stand three people injured,building collapse
building collapse near whitefield bangalore,building collapse
indiranagar metro station pe accident ho gaya,accident
help gas leak happening at kr market bangalore,gas leak
help earthquake happening at hebbal flyover,earthquake
medium accident near kr market bangalore,accident
accident near kr market bangalore,accident
hebbal flyover alli fire aagide,fire
tumkur road pe building collapse ho gaya,building collapse
hebbal flyover pe fire ho gaya,fire
accident near majestic bus stand,accident
mg road bangalore pe fire ho gaya,fire
hello there is a gas leak near nh48 highway,gas leak
mg road bangalore alli flood aagide,flood
flood near silk board bangalore,flood
earthquake near hebbal flyover,earthquake
earthquake near whitefield bangalore three people injured,earthquake
low gas leak near hebbal flyover,gas leak
earthquake near indiranagar metro station,earthquake
hello there is a crime near nh48 highway,crime
kr market bangalore alli gas leak aagide,gas leak
crime near majestic bus stand two people injured,crime
help fire happening at tumkur road,fire
medium earthquake near tumkur road,earthquake
hello there is a accident near nh48 highway,accident
earthquake near indiranagar metro station,earthquake
medium fire near hebbal flyover,fire
high crime near kr market bangalore,crime
high gas leak near mg road bangalore,gas leak
building collapse near nh48 highway several people injured,building collapse
gas leak near majestic bus stand three people injured,gas leak
hello there is a crime near nh48 highway,crime
building collapse near mg road bangalore two people injured,building collapse
medium building collapse near kr market bangalore,building collapse
low earthquake near tumkur road,earthquake
hello there is a earthquake near mg road bangalore,earthquake
low flood near indiranagar metro station,flood
crime near hebbal flyover,crime
flood near whitefield bangalore,flood
flood near silk board bangalore several people injured,flood
kr market bangalore pe gas leak ho gaya,gas leak
fire near majestic bus stand,fire
gas leak near tumkur road two people injured,gas leak
mg road bangalore alli flood aagide,flood
whitefield bangalore alli crime aagide,crime
crime near majestic bus stand two people injured,crime
majestic bus stand alli gas leak aagide,gas leak
hebbal flyover pe crime ho gaya,crime
medium fire near silk board bangalore,fire
low gas leak near silk board bangalore,gas leak
indiranagar metro station pe gas leak ho gaya,gas leak
hello there is a fire near hebbal flyover,fire
accident near silk board bangalore three people injured,accident
fire near nh48 highway,fire
electronic city pe accident ho gaya,accident
nh48 highway pe crime ho gaya,crime
whitefield bangalore alli earthquake aagide,earthquake
medium fire near hebbal flyover,fire
help fire happening at nh48 highway,fire
low accident near indiranagar metro station,accident
hebbal flyover pe flood ho gaya,flood
hello there is a gas leak near nh48 highway,gas leak
earthquake near tumkur road three people injured,earthquake
tumkur road alli gas leak aagide,gas leak
high crime near silk board bangalore,crime
hello there is a accident near nh48 highway,accident
building collapse near majestic bus stand,building collapse
majestic bus stand pe earthquake ho gaya,earthquake
hello there is a building collapse near nh48 highway,building collapse
hello there is a flood near mg road bangalore,flood
accident near indiranagar metro station several people injured,accident
mg road bangalore alli gas leak aagide,gas leak
hello there is a accident near tumkur road,accident
hello there is a gas leak near tumkur road,gas leak
hebbal flyover pe fire ho gaya,fire
building collapse near whitefield bangalore two people injured,building collapse
crime near electronic city several people injured,crime
crime near whitefield bangalore,crime
help building collapse happening at silk board bangalore,building collapse
high flood near mg road bangalore,flood
help flood happening at mg road bangalore,flood
crime near nh48 highway,crime
nh48 highway alli fire aagide,fire
hello there is a gas leak near silk board bangalore,gas leak
hello there is a flood near whitefield bangalore,flood
gas leak near electronic city three people injured,gas leak
mg road bangalore alli gas leak aagide,gas leak
high flood near majestic bus stand,flood
accident near indiranagar metro station one person injured,accident
high fire near nh48 highway,fire
low fire near indiranagar metro station,fire
gas leak near whitefield bangalore,gas leak
silk board bangalore alli accident aagide,accident
hebbal flyover pe fire ho gaya,fire
electronic city pe gas leak ho gaya,gas leak
medium building collapse near indiranagar metro station,building collapse
low building collapse near silk board bangalore,building collapse
building collapse near kr market bangalore,building collapse
help earthquake happening at silk board bangalore,earthquake
hello there is a flood near tumkur road,flood
flood near indiranagar metro station,flood
mg road bangalore pe accident ho gaya,accident
hello there is a flood near nh48 highway,flood
earthquake near electronic city one person injured,earthquake
help fire happening at kr market bangalore,fire
high earthquake near indiranagar metro station,earthquake
building collapse near electronic city one person injured,building collapse
tumkur road alli accident aagide,accident
majestic bus stand alli earthquake aagide,earthquake
kr market bangalore pe accident ho gaya,accident
gas leak near nh48 highway two people injured,gas leak
nh48 highway pe crime ho gaya,crime
flood near nh48 highway several people injured,flood
low crime near hebbal flyover,crime
building collapse near nh48 highway,building collapse
high fire near whitefield bangalore,fire
fire near hebbal flyover,fire
indiranagar metro station pe gas leak ho gaya,gas leak
hello there is a earthquake near electronic city,earthquake
building collapse near majestic bus stand,building collapse
electronic city pe crime ho gaya,crime
low earthquake near hebbal flyover,earthquake
whitefield bangalore pe fire ho gaya,fire
hello there is a fire near indiranagar metro station,fire
hello there is a earthquake near mg road bangalore,earthquake
tumkur road pe crime ho gaya,crime
tumkur road alli building collapse aagide,building collapse
earthquake near majestic bus stand several people injured,earthquake
help gas leak happening at nh48 highway,gas leak
silk board bangalore alli accident aagide,accident
earthquake near hebbal flyover,earthquake
accident near indiranagar metro station three people injured,accident
hello there is a flood near tumkur road,flood
gas leak near mg road bangalore one person injured,gas leak
earthquake near whitefield bangalore several people injured,earthquake
silk board bangalore pe gas leak ho gaya,gas leak
building collapse near whitefield bangalore,building collapse
earthquake near hebbal flyover,earthquake
fire near hebbal flyover three people injured,fire
kr market bangalore pe flood ho gaya,flood
help flood happening at hebbal flyover,flood
gas leak near whitefield bangalore,gas leak
gas leak near whitefield bangalore two people injured,gas leak
accident near silk board bangalore,accident
nh48 highway pe earthquake ho gaya,earthquake
nh48 highway pe accident ho gaya,accident
crime near hebbal flyover,crime
indiranagar metro station alli earthquake aagide,earthquake
help fire happening at electronic city,fire
hebbal flyover alli accident aagide,accident
earthquake near silk board bangalore,earthquake
kr market bangalore alli fire aagide,fire
mg road bangalore alli crime aagide,crime
whitefield bangalore pe crime ho gaya,crime
gas leak near silk board bangalore several people injured,gas leak
hello there is a building collapse near electronic city,building collapse
hebbal flyover pe earthquake ho gaya,earthquake
flood near majestic bus stand one person injured,flood
electronic city pe earthquake ho gaya,earthquake
help earthquake happening at silk board bangalore,earthquake
help gas leak happening at indiranagar metro station,gas leak
mg road bangalore pe building collapse ho gaya,building collapse
help accident happening at silk board bangalore,accident
fire near kr market bangalore several people injured,fire
help gas leak happening at hebbal flyover,gas leak
low building collapse near silk board bangalore,building collapse
help gas leak happening at hebbal flyover,gas leak
medium fire near tumkur road,fire
fire near whitefield bangalore,fire
electronic city alli fire aagide,fire
help building collapse happening at kr market bangalore,building collapse
help fire happening at majestic bus stand,fire
help flood happening at hebbal flyover,flood
accident near electronic city one person injured,accident
indiranagar metro station alli building collapse aagide,building collapse
medium fire near silk board bangalore,fire
fire near tumkur road three people injured,fire
gas leak near nh48 highway,gas leak
crime near mg road bangalore,crime
help fire happening at hebbal flyover,fire
majestic bus stand alli flood aagide,flood
indiranagar metro station pe crime ho gaya,crime
majestic bus stand pe building collapse ho gaya,building collapse
hebbal flyover pe gas leak ho gaya,gas leak
mg road bangalore alli fire aagide,fire
hello there is a accident near kr market bangalore,accident
help gas leak happening at tumkur road,gas leak
silk board bangalore pe fire ho gaya,fire
tumkur road alli building collapse aagide,building collapse
electronic city alli gas leak aagide,gas leak
hello there is a accident near silk board bangalore,accident
fire near silk board bangalore two people injured,fire
tumkur road pe accident ho gaya,accident
hello there is a flood near kr market bangalore,flood
help building collapse happening at electronic city,building collapse
medium accident near majestic bus stand,accident
help fire happening at hebbal flyover,fire
earthquake near majestic bus stand,earthquake
electronic city alli fire aagide,fire
help crime happening at tumkur road,crime
hello there is a building collapse near majestic bus stand,building collapse
hello there is a fire near silk board bangalore,fire
mg road bangalore pe gas leak ho gaya,gas leak
building collapse near nh48 highway,building collapse
gas leak near silk board bangalore,gas leak
high earthquake near nh48 highway,earthquake
gas leak near majestic bus stand,gas leak
indiranagar metro station pe gas leak ho gaya,gas leak
hello there is a building collapse near indiranagar metro station,building collapse
gas leak near tumkur road,gas leak
majestic bus stand pe fire ho gaya,fire
hello there is a fire near silk board bangalore,fire
accident near nh48 highway,accident
whitefield bangalore alli building collapse aagide,building collapse
help gas leak happening at majestic bus stand,gas leak
majestic bus stand pe gas leak ho gaya,gas leak
medium gas leak near hebbal flyover,gas leak
medium fire near silk board bangalore,fire
hello there is a building collapse near tumkur road,building collapse
electronic city alli flood aagide,flood
help crime happening at silk board bangalore,crime
hello there is a fire near silk board bangalore,fire
low fire near whitefield bangalore,fire
hello there is a accident near tumkur road,accident
fire near hebbal flyover,fire
hello there is a fire near majestic bus stand,fire
fire near tumkur road,fire
tumkur road pe crime ho gaya,crime
building collapse near nh48 highway three people injured,building collapse
gas leak near indiranagar metro station one person injured,gas leak
hello there is a earthquake near hebbal flyover,earthquake
help crime happening at electronic city,crime
hello there is a building collapse near electronic city,building collapse
earthquake near tumkur road two people injured,earthquake
medium building collapse near electronic city,building collapse
fire near mg road bangalore,fire
help flood happening at mg road bangalore,flood
hello there is a flood near whitefield bangalore,flood
help gas leak happening at tumkur road,gas leak
whitefield bangalore alli accident aagide,accident
earthquake near electronic city one person injured,earthquake
gas leak near silk board bangalore,gas leak
low accident near indiranagar metro station,accident
crime near majestic bus stand,crime
low gas leak near nh48 highway,gas leak
hello there is a gas leak near majestic bus stand,gas leak
help earthquake happening at silk board bangalore,earthquake
fire near whitefield bangalore several people injured,fire
low building collapse near nh48 highway,building collapse
help accident happening at hebbal flyover,accident
indiranagar metro station pe flood ho gaya,flood
silk board bangalore pe crime ho gaya,crime
accident near whitefield bangalore several people injured,accident
mg road bangalore pe earthquake ho gaya,earthquake
mg road bangalore pe gas leak ho gaya,gas leak
hello there is a gas leak near whitefield bangalore,gas leak
help accident happening at whitefield bangalore,accident
silk board bangalore pe earthquake ho gaya,earthquake
hello there is a gas leak near whitefield bangalore,gas leak
fire near silk board bangalore,fire
indiranagar metro station alli accident aagide,accident
fire near electronic city three people injured,fire
flood near nh48 highway one person injured,flood
medium flood near electronic city,flood
silk board bangalore alli flood aagide,flood
hello there is a earthquake near indiranagar metro station,earthquake
high building collapse near electronic city,building collapse
mg road bangalore pe flood ho gaya,flood
tumkur road pe earthquake ho gaya,earthquake
crime near silk board bangalore one person injured,crime
help gas leak happening at kr market bangalore,gas leak
help earthquake happening at whitefield bangalore,earthquake
help gas leak happening at tumkur road,gas leak
low flood near nh48 highway,flood
silk board bangalore pe building collapse ho gaya,building collapse
help accident happening at tumkur road,accident
building collapse near whitefield bangalore three people injured,building collapse
hebbal flyover pe earthquake ho gaya,earthquake
nh48 highway pe earthquake ho gaya,earthquake
indiranagar metro station alli accident aagide,accident
fire near mg road bangalore,fire
indiranagar metro station alli flood aagide,flood
high building collapse near mg road bangalore,building collapse
crime near hebbal flyover several people injured,crime
fire near kr market bangalore one person injured,fire
gas leak near electronic city two people injured,gas leak
low accident near whitefield bangalore,accident
mg road bangalore pe fire ho gaya,fire
kr market bangalore alli building collapse aagide,building collapse
help accident happening at whitefield bangalore,accident
gas leak near hebbal flyover three people injured,gas leak
flood near whitefield bangalore,flood
flood near silk board bangalore,flood
mg road bangalore pe flood ho gaya,flood
medium gas leak near tumkur road,gas leak
hebbal flyover pe gas leak ho gaya,gas leak
kr market bangalore alli flood aagide,flood
earthquake near tumkur road,earthquake
help accident happening at majestic bus stand,accident
gas leak near electronic city,gas leak
silk board bangalore alli earthquake aagide,earthquake
hello there is a fire near electronic city,fire
earthquake near kr market bangalore several people injured,earthquake
building collapse near majestic bus stand three people injured,building collapse
help fire happening at majestic bus stand,fire
low fire near indiranagar metro station,fire
hello there is a fire near tumkur road,fire
medium building collapse near nh48 highway,building collapse
crime near kr market bangalore two people injured,crime
medium crime near indiranagar metro station,crime
hello there is a earthquake near tumkur road,earthquake
accident near indiranagar metro station one person injured,accident
hello there is a crime near tumkur road,crime
tumkur road pe gas leak ho gaya,gas leak
hello there is a earthquake near mg road bangalore,earthquake
majestic bus stand alli building collapse aagide,building collapse
hello there is a flood near silk board bangalore,flood
hello there is a earthquake near kr market bangalore,earthquake
hello there is a accident near indiranagar metro station,accident
flood near nh48 highway,flood
mg road bangalore alli earthquake aagide,earthquake
hello there is a earthquake near indiranagar metro station,earthquake
earthquake near nh48 highway,earthquake
earthquake near hebbal flyover one person injured,earthquake
silk board bangalore pe crime ho gaya,crime
hello there is a flood near electronic city,flood
whitefield bangalore alli crime aagide,crime
hello there is a earthquake near indiranagar metro station,earthquake
crime near hebbal flyover one person injured,crime
whitefield bangalore pe flood ho gaya,flood
crime near indiranagar metro station,crime
medium flood near kr market bangalore,flood
mg road bangalore alli gas leak aagide,gas leak
help fire happening at whitefield bangalore,fire
low building collapse near mg road bangalore,building collapse
whitefield bangalore pe fire ho gaya,fire
hello there is a crime near electronic city,crime
hello there is a crime near kr market bangalore,crime
low building collapse near tumkur road,building collapse
electronic city pe building collapse ho gaya,building collapse
help earthquake happening at electronic city,earthquake
low building collapse near kr market bangalore,building collapse
hello there is a building collapse near whitefield bangalore,building collapse
hello there is a fire near silk board bangalore,fire
whitefield bangalore alli building collapse aagide,building collapse
medium crime near kr market bangalore,crime
help earthquake happening at tumkur road,earthquake
electronic city alli gas leak aagide,gas leak
electronic city pe gas leak ho gaya,gas leak
fire near kr market bangalore,fire
low building collapse near majestic bus stand,building collapse
hello there is a accident near nh48 highway,accident
hello there is a building collapse near silk board bangalore,building collapse
silk board bangalore alli gas leak aagide,gas leak
help gas leak happening at tumkur road,gas leak
building collapse near kr market bangalore several people injured,building collapse
crime near tumkur road,crime
hello there is a earthquake near silk board bangalore,earthquake
indiranagar metro station alli fire aagide,fire
high fire near whitefield bangalore,fire
building collapse near silk board bangalore two people injured,building collapse
hello there is a building collapse near tumkur road,building collapse
earthquake near electronic city two people injured,earthquake
indiranagar metro station pe flood ho gaya,flood
mg road bangalore pe gas leak ho gaya,gas leak
medium building collapse near majestic bus stand,building collapse
hello there is a fire near hebbal flyover,fire
medium flood near majestic bus stand,flood
low flood near kr market bangalore,flood
hello there is a building collapse near hebbal flyover,building collapse
building collapse near electronic city several people injured,building collapse
help gas leak happening at whitefield bangalore,gas leak
hello there is a flood near electronic city,flood
building collapse near tumkur road,building collapse
hello there is a building collapse near whitefield bangalore,building collapse
hebbal flyover pe fire ho gaya,fire
gas leak near electronic city several people injured,gas leak
fire near mg road bangalore,fire
hello there is a crime near mg road bangalore,crime
indiranagar metro station alli gas leak aagide,gas leak
kr market bangalore alli crime aagide,crime
help crime happening at kr market bangalore,crime
majestic bus stand pe building collapse ho gaya,building collapse
hebbal flyover alli accident aagide,accident
fire near silk board bangalore three people injured,fire
building collapse near electronic city,building collapse
hello there is a earthquake near kr market bangalore,earthquake
high flood near whitefield bangalore,flood
hebbal flyover pe earthquake ho gaya,earthquake
hebbal flyover pe fire ho gaya,fire
hello there is a gas leak near mg road bangalore,gas leak
hello there is a flood near whitefield bangalore,flood
electronic city alli gas leak aagide,gas leak
hello there is a earthquake near mg road bangalore,earthquake
indiranagar metro station pe earthquake ho gaya,earthquake
whitefield bangalore alli building collapse aagide,building collapse
gas leak near silk board bangalore,gas leak
earthquake near hebbal flyover,earthquake
medium accident near indiranagar metro station,accident
mg road bangalore pe fire ho gaya,fire
help gas leak happening at hebbal flyover,gas leak
medium building collapse near indiranagar metro station,building collapse
hello there is a flood near tumkur road,flood
crime near tumkur road several people injured,crime
earthquake near electronic city three people injured,earthquake
building collapse near tumkur road,building collapse
accident near majestic bus stand several people injured,accident
flood near hebbal flyover three people injured,flood
help earthquake happening at whitefield bangalore,earthquake
hello there is a crime near majestic bus stand,crime
mg road bangalore pe flood ho gaya,flood
hello there is a flood near electronic city,flood
help earthquake happening at mg road bangalore,earthquake
whitefield bangalore alli crime aagide,crime
earthquake near indiranagar metro station,earthquake
accident near kr market bangalore two people injured,accident
gas leak near mg road bangalore several people injured,gas leak
hello there is a crime near whitefield bangalore,crime
fire near nh48 highway three people injured,fire
hello there is a crime near majestic bus stand,crime
flood near nh48 highway,flood
accident near hebbal flyover,accident
crime near silk board bangalore three people injured,crime
accident near mg road bangalore,accident
earthquake near electronic city several people injured,earthquake
help flood happening at tumkur road,flood
tumkur road pe crime ho gaya,crime
fire near electronic city one person injured,fire
earthquake near nh48 highway,earthquake
hebbal flyover pe gas leak ho gaya,gas leak
high crime near whitefield bangalore,crime
crime near mg road bangalore two people injured,crime
medium crime near tumkur road,crime
tumkur road pe flood ho gaya,flood
gas leak near nh48 highway,gas leak
hello there is a earthquake near hebbal flyover,earthquake
high flood near silk board bangalore,flood
building collapse near majestic bus stand,building collapse
whitefield bangalore alli fire aagide,fire
crime near indiranagar metro station one person injured,crime
hello there is a gas leak near kr market bangalore,gas leak
hello there is a building collapse near mg road bangalore,building collapse
help earthquake happening at mg road bangalore,earthquake
gas leak near mg road bangalore,gas leak
mg road bangalore pe crime ho gaya,crime
building collapse near kr market bangalore two people injured,building collapse
building collapse near tumkur road two people injured,building collapse
hello there is a building collapse near hebbal flyover,building collapse
silk board bangalore alli fire aagide,fire
silk board bangalore pe fire ho gaya,fire
high fire near majestic bus stand,fire
electronic city alli fire aagide,fire
crime near whitefield bangalore,crime
kr market bangalore pe crime ho gaya,crime
whitefield bangalore alli building collapse aagide,building collapse
hello there is a building collapse near electronic city,building collapse
building collapse near electronic city three people injured,building collapse
help building collapse happening at mg road bangalore,building collapse
gas leak near kr market bangalore,gas leak
medium gas leak near indiranagar metro station,gas leak
gas leak near kr market bangalore,gas leak
help fire happening at tumkur road,fire
gas leak near mg road bangalore three people injured,gas leak
kr market bangalore alli crime aagide,crime
crime near tumkur road several people injured,crime
low crime near indiranagar metro station,crime
help gas leak happening at indiranagar metro station,gas leak
building collapse near majestic bus stand,building collapse
earthquake near whitefield bangalore several people injured,earthquake
high accident near majestic bus stand,accident
hello there is a earthquake near indiranagar metro station,earthquake
crime near indiranagar metro station two people injured,crime
high accident near silk board bangalore,accident
crime near nh48 highway three people injured,crime
hello there is a crime near nh48 highway,crime
high accident near nh48 highway,accident
hello there is a earthquake near electronic city,earthquake
help earthquake happening at indiranagar metro station,earthquake
earthquake near indiranagar metro station three people injured,earthquake
whitefield bangalore pe fire ho gaya,fire
hello there is a fire near nh48 highway,fire
nh48 highway pe crime ho gaya,crime
flood near mg road bangalore,flood
hello there is a building collapse near whitefield bangalore,building collapse
accident near hebbal flyover,accident
help flood happening at electronic city,flood
accident near whitefield bangalore,accident
hebbal flyover alli building collapse aagide,building collapse
medium earthquake near indiranagar metro station,earthquake
nh48 highway pe crime ho gaya,crime
earthquake near indiranagar metro station one person injured,earthquake
low accident near indiranagar metro station,accident
high accident near mg road bangalore,accident
fire near hebbal flyover three people injured,fire
hello there is a building collapse near hebbal flyover,building collapse
fire near nh48 highway three people injured,fire
flood near electronic city one person injured,flood
building collapse near tumkur road several people injured,building collapse
indiranagar metro station pe gas leak ho gaya,gas leak
building collapse near silk board bangalore three people injured,building collapse
tumkur road alli earthquake aagide,earthquake
electronic city pe flood ho gaya,flood
low crime near kr market bangalore,crime
kr market bangalore pe flood ho gaya,flood
hello there is a gas leak near mg road bangalore,gas leak
hello there is a fire near kr market bangalore,fire
nh48 highway alli accident aagide,accident
hebbal flyover pe gas leak ho gaya,gas leak
flood near kr market bangalore two people injured,flood
hello there is a building collapse near tumkur road,building collapse
hello there is a crime near mg road bangalore,crime
low crime near indiranagar metro station,crime
high crime near tumkur road,crime
hello there is a flood near whitefield bangalore,flood
hello there is a flood near nh48 highway,flood
high earthquake near whitefield bangalore,earthquake
gas leak near indiranagar metro station one person injured,gas leak
hello there is a flood near electronic city,flood
hello there is a crime near kr market bangalore,crime
help fire happening at indiranagar metro station,fire
hello there is a fire near indiranagar metro station,fire
help gas leak happening at silk board bangalore,gas leak
medium fire near electronic city,fire
help gas leak happening at silk board bangalore,gas leak
electronic city alli fire aagide,fire
medium building collapse near nh48 highway,building collapse
hello there is a fire near tumkur road,fire
hebbal flyover pe accident ho gaya,accident
nh48 highway alli earthquake aagide,earthquake
tumkur road pe crime ho gaya,crime
flood near kr market bangalore three people injured,flood
help building collapse happening at silk board bangalore,building collapse
earthquake near kr market bangalore several people injured,earthquake
kr market bangalore alli building collapse aagide,building collapse
fire near whitefield bangalore three people injured,fire
silk board bangalore alli fire aagide,fire
hello there is a earthquake near kr market bangalore,earthquake
low accident near nh48 highway,accident
low accident near majestic bus stand,accident
hello there is a gas leak near mg road bangalore,gas leak
help crime happening at tumkur road,crime
kr market bangalore pe flood ho gaya,flood
tumkur road pe flood ho gaya,flood
kr market bangalore pe gas leak ho gaya,gas leak
help accident happening at whitefield bangalore,accident
majestic bus stand pe fire ho gaya,fire
flood near nh48 highway,flood
hello there is a earthquake near whitefield bangalore,earthquake
kr market bangalore pe fire ho gaya,fire
building collapse near electronic city two people injured,building collapse
hello there is a building collapse near majestic bus stand,building collapse
high flood near whitefield bangalore,flood
majestic bus stand alli accident aagide,accident
accident near mg road bangalore,accident
medium earthquake near mg road bangalore,earthquake
silk board bangalore alli accident aagide,accident
flood near silk board bangalore one person injured,flood
building collapse near whitefield bangalore,building collapse
hebbal flyover pe earthquake ho gaya,earthquake
high gas leak near indiranagar metro station,gas leak
kr market bangalore alli building collapse aagide,building collapse
hello there is a gas leak near majestic bus stand,gas leak
kr market bangalore alli accident aagide,accident
medium earthquake near majestic bus stand,earthquake
hello there is a building collapse near mg road bangalore,building collapse
whitefield bangalore pe gas leak ho gaya,gas leak
hello there is a gas leak near indiranagar metro station,gas leak
electronic city pe crime ho gaya,crime
hello there is a crime near mg road bangalore,crime
help flood happening at whitefield bangalore,flood
building collapse near tumkur road three people injured,building collapse
building collapse near whitefield bangalore,building collapse
hello there is a building collapse near majestic bus stand,building collapse
hello there is a flood near electronic city,flood
majestic bus stand alli accident aagide,accident
low gas leak near majestic bus stand,gas leak
electronic city alli earthquake aagide,earthquake
indiranagar metro station alli flood aagide,flood
high crime near silk board bangalore,crime
hello there is a gas leak near mg road bangalore,gas leak
help building collapse happening at whitefield bangalore,building collapse
crime near whitefield bangalore,crime
whitefield bangalore pe building collapse ho gaya,building collapse
accident near nh48 highway,accident
majestic bus stand alli gas leak aagide,gas leak
hello there is a gas leak near majestic bus stand,gas leak
high flood near hebbal flyover,flood
whitefield bangalore pe gas leak ho gaya,gas leak
help building collapse happening at hebbal flyover,building collapse
high crime near hebbal flyover,crime
majestic bus stand alli flood aagide,flood
help flood happening at tumkur road,flood
help gas leak happening at mg road bangalore,gas leak
gas leak near whitefield bangalore several people injured,gas leak
hello there is a earthquake near majestic bus stand,earthquake
help earthquake happening at whitefield bangalore,earthquake
low earthquake near indiranagar metro station,earthquake
high flood near mg road bangalore,flood
building collapse near hebbal flyover,building collapse
high earthquake near silk board bangalore,earthquake
mg road bangalore alli flood aagide,flood
hello there is a flood near tumkur road,flood
help earthquake happening at majestic bus stand,earthquake
hello there is a fire near tumkur road,fire
nh48 highway pe crime ho gaya,crime
accident near majestic bus stand,accident
hello there is a flood near whitefield bangalore,flood
whitefield bangalore alli accident aagide,accident
hello there is a gas leak near mg road bangalore,gas leak
majestic bus stand pe gas leak ho gaya,gas leak
building collapse near majestic bus stand one person injured,building collapse
majestic bus stand alli earthquake aagide,earthquake
help fire happening at majestic bus stand,fire
medium gas leak near tumkur road,gas leak
electronic city pe fire ho gaya,fire
electronic city pe building collapse ho gaya,building collapse
electronic city alli crime aagide,crime
mg road bangalore alli building collapse aagide,building collapse
hello there is a earthquake near kr market bangalore,earthquake
low flood near majestic bus stand,flood
hello there is a fire near tumkur road,fire
help fire happening at majestic bus stand,fire
earthquake near silk board bangalore several people injured,earthquake
earthquake near electronic city several people injured,earthquake
hello there is a earthquake near majestic bus stand,earthquake
accident near indiranagar metro station,accident
help flood happening at majestic bus stand,flood
help fire happening at indiranagar metro station,fire
accident near whitefield bangalore two people injured,accident
tumkur road pe accident ho gaya,accident
help earthquake happening at majestic bus stand,earthquake
low accident near whitefield bangalore,accident
help building collapse happening at mg road bangalore,building collapse
help crime happening at nh48 highway,crime
majestic bus stand pe gas leak ho gaya,gas leak
fire near mg road bangalore two people injured,fire
hello there is a building collapse near mg road bangalore,building collapse
flood near nh48 highway,flood
electronic city pe gas leak ho gaya,gas leak
earthquake near hebbal flyover three people injured,earthquake
gas leak near indiranagar metro station two people injured,gas leak
kr market bangalore alli crime aagide,crime
crime near silk board bangalore one person injured,crime
help gas leak happening at electronic city,gas leak
help earthquake happening at mg road bangalore,earthquake
hebbal flyover pe accident ho gaya,accident
silk board bangalore pe gas leak ho gaya,gas leak
accident near electronic city several people injured,accident
electronic city alli building collapse aagide,building collapse
electronic city alli flood aagide,flood
help fire happening at nh48 highway,fire
low gas leak near mg road bangalore,gas leak
gas leak near hebbal flyover one person injured,gas leak
low crime near hebbal flyover,crime
help crime happening at majestic bus stand,crime
help gas leak happening at kr market bangalore,gas leak
tumkur road pe flood ho gaya,flood
high accident near silk board bangalore,accident
tumkur road alli flood aagide,flood
tumkur road pe crime ho gaya,crime
hello there is a earthquake near whitefield bangalore,earthquake
electronic city alli earthquake aagide,earthquake
hello there is a accident near kr market bangalore,accident
whitefield bangalore pe flood ho gaya,flood
accident near whitefield bangalore,accident
nh48 highway alli building collapse aagide,building collapse
low accident near mg road bangalore,accident
mg road bangalore alli earthquake aagide,earthquake
fire near kr market bangalore,fire
gas leak near hebbal flyover,gas leak
fire near mg road bangalore two people injured,fire
whitefield bangalore alli earthquake aagide,earthquake
hello there is a earthquake near majestic bus stand,earthquake
accident near tumkur road,accident
indiranagar metro station pe gas leak ho gaya,gas leak
accident near electronic city one person injured,accident
hello there is a earthquake near majestic bus stand,earthquake
indiranagar metro station pe fire ho gaya,fire
flood near whitefield bangalore,flood
gas leak near hebbal flyover,gas leak
fire near silk board bangalore,fire
earthquake near kr market bangalore one person injured,earthquake
whitefield bangalore alli fire aagide,fire
low gas leak near whitefield bangalore,gas leak
flood near majestic bus stand two people injured,flood
medium building collapse near majestic bus stand,building collapse
fire near kr market bangalore,fire
mg road bangalore pe fire ho gaya,fire
help accident happening at hebbal flyover,accident
hello there is a accident near silk board bangalore,accident
tumkur road alli earthquake aagide,earthquake
nh48 highway pe accident ho gaya,accident
help crime happening at electronic city,crime
majestic bus stand alli building collapse aagide,building collapse
medium building collapse near silk board bangalore,building collapse
help accident happening at tumkur road,accident
hello there is a fire near whitefield bangalore,fire
low gas leak near kr market bangalore,gas leak
earthquake near indiranagar metro station,earthquake
high crime near electronic city,crime
hello there is a accident near mg road bangalore,accident
help fire happening at electronic city,fire
building collapse near hebbal flyover,building collapse
help crime happening at indiranagar metro station,crime
nh48 highway pe flood ho gaya,flood
hello there is a fire near electronic city,fire
hebbal flyover alli crime aagide,crime
silk board bangalore pe fire ho gaya,fire
help accident happening at hebbal flyover,accident
hello there is a flood near tumkur road,flood
medium earthquake near kr market bangalore,earthquake
kr market bangalore alli building collapse aagide,building collapse
hello there is a building collapse near mg road bangalore,building collapse
crime near silk board bangalore,crime
help gas leak happening at whitefield bangalore,gas leak
accident near whitefield bangalore several people injured,accident
earthquake near tumkur road,earthquake
silk board bangalore alli building collapse aagide,building collapse
low gas leak near majestic bus stand,gas leak
mg road bangalore alli flood aagide,flood
crime near indiranagar metro station,crime
kr market bangalore alli gas leak aagide,gas leak
earthquake near electronic city one person injured,earthquake
majestic bus stand pe crime ho gaya,crime
high fire near mg road bangalore,fire
hello there is a gas leak near silk board bangalore,gas leak
tumkur road pe earthquake ho gaya,earthquake
flood near indiranagar metro station one person injured,flood
indiranagar metro station alli building collapse aagide,building collapse
majestic bus stand pe gas leak ho gaya,gas leak
fire near whitefield bangalore,fire
low earthquake near mg road bangalore,earthquake
hello there is a building collapse near mg road bangalore,building collapse
fire near tumkur road,fire
flood near tumkur road,flood
hello there is a fire near nh48 highway,fire
hello there is a gas leak near majestic bus stand,gas leak
help gas leak happening at hebbal flyover,gas leak
earthquake near silk board bangalore three people injured,earthquake
high accident near mg road bangalore,accident
building collapse near tumkur road,building collapse
help flood happening at silk board bangalore,flood
majestic bus stand pe accident ho gaya,accident
earthquake near mg road bangalore several people injured,earthquake
fire near electronic city,fire
medium flood near nh48 highway,flood
help fire happening at electronic city,fire
earthquake near mg road bangalore one person injured,earthquake
kr market bangalore alli crime aagide,crime
flood near whitefield bangalore several people injured,flood
crime near electronic city,crime
help gas leak happening at whitefield bangalore,gas leak
tumkur road pe building collapse ho gaya,building collapse
kr market bangalore pe earthquake ho gaya,earthquake
high building collapse near tumkur road,building collapse
help earthquake happening at mg road bangalore,earthquake
gas leak near silk board bangalore,gas leak
tumkur road alli accident aagide,accident
building collapse near majestic bus stand three people injured,building collapse
fire near electronic city,fire
nh48 highway pe crime ho gaya,crime
earthquake near kr market bangalore,earthquake
flood near whitefield bangalore two people injured,flood
mg road bangalore alli crime aagide,crime
kr market bangalore alli gas leak aagide,gas leak
fire near whitefield bangalore,fire
hebbal flyover pe crime ho gaya,crime
hello there is a fire near indiranagar metro station,fire
silk board bangalore pe building collapse ho gaya,building collapse
hello there is a fire near majestic bus stand,fire
flood near tumkur road,flood
hebbal flyover pe earthquake ho gaya,earthquake
high crime near majestic bus stand,crime
mg road bangalore pe accident ho gaya,accident
hello there is a earthquake near electronic city,earthquake
crime near nh48 highway,crime
mg road bangalore alli fire aagide,fire
electronic city alli building collapse aagide,building collapse
accident near whitefield bangalore,accident
crime near majestic bus stand three people injured,crime
gas leak near majestic bus stand,gas leak
hebbal flyover pe accident ho gaya,accident
majestic bus stand pe building collapse ho gaya,building collapse
help crime happening at nh48 highway,crime
hello there is a crime near mg road bangalore,crime
hello there is a earthquake near whitefield bangalore,earthquake
nh48 highway pe accident ho gaya,accident
whitefield bangalore alli gas leak aagide,gas leak
help accident happening at hebbal flyover,accident
high fire near kr market bangalore,fire
flood near kr market bangalore,flood
tumkur road pe gas leak ho gaya,gas leak
hebbal flyover pe flood ho gaya,flood
help earthquake happening at nh48 highway,earthquake
indiranagar metro station pe fire ho gaya,fire
tumkur road alli earthquake aagide,earthquake
silk board bangalore pe crime ho gaya,crime
kr market bangalore alli fire aagide,fire
high crime near majestic bus stand,crime
accident near whitefield bangalore two people injured,accident
building collapse near hebbal flyover,building collapse
hello there is a earthquake near majestic bus stand,earthquake
accident near indiranagar metro station two people injured,accident
crime near tumkur road,crime
tumkur road pe flood ho gaya,flood
indiranagar metro station pe building collapse ho gaya,building collapse
tumkur road alli building collapse aagide,building collapse
mg road bangalore alli earthquake aagide,earthquake
flood near whitefield bangalore,flood
tumkur road alli gas leak aagide,gas leak
help crime happening at nh48 highway,crime
mg road bangalore pe flood ho gaya,flood
whitefield bangalore alli crime aagide,crime
electronic city alli earthquake aagide,earthquake
nh48 highway pe earthquake ho gaya,earthquake
flood near kr market bangalore two people injured,flood
low earthquake near silk board bangalore,earthquake
whitefield bangalore pe flood ho gaya,flood
low crime near majestic bus stand,crime
earthquake near nh48 highway several people injured,earthquake
help crime happening at majestic bus stand,crime
help fire happening at kr market bangalore,fire
crime near kr market bangalore,crime
low accident near electronic city,accident
help crime happening at electronic city,crime
medium gas leak near silk board bangalore,gas leak
gas leak near hebbal flyover,gas leak
hello there is a gas leak near electronic city,gas leak
hello there is a building collapse near indiranagar metro station,building collapse
indiranagar metro station pe earthquake ho gaya,earthquake
help crime happening at nh48 highway,crime
gas leak near whitefield bangalore several people injured,gas leak
low flood near indiranagar metro station,flood
building collapse near mg road bangalore several people injured,building collapse
flood near kr market bangalore several people injured,flood
accident near indiranagar metro station one person injured,accident
low gas leak near kr market bangalore,gas leak
medium gas leak near silk board bangalore,gas leak
silk board bangalore pe accident ho gaya,accident
building collapse near electronic city three people injured,building collapse
indiranagar metro station alli flood aagide,flood
flood near tumkur road one person injured,flood
earthquake near mg road bangalore one person injured,earthquake
building collapse near majestic bus stand one person injured,building collapse
hello there is a fire near nh48 highway,fire
hello there is a earthquake near electronic city,earthquake
silk board bangalore alli crime aagide,crime
high earthquake near silk board bangalore,earthquake
help earthquake happening at majestic bus stand,earthquake
accident near hebbal flyover one person injured,accident
hello there is a building collapse near mg road bangalore,building collapse
building collapse near whitefield bangalore,building collapse
hello there is a earthquake near mg road bangalore,earthquake
building collapse near electronic city,building collapse
hebbal flyover alli accident aagide,accident
high flood near tumkur road,flood
hello there is a gas leak near indiranagar metro station,gas leak
hello there is a earthquake near tumkur road,earthquake
hello there is a crime near hebbal flyover,crime
high fire near silk board bangalore,fire
low building collapse near majestic bus stand,building collapse
help gas leak happening at majestic bus stand,gas leak
accident near mg road bangalore one person injured,accident
hebbal flyover alli building collapse aagide,building collapse
hello there is a gas leak near nh48 highway,gas leak
gas leak near mg road bangalore three people injured,gas leak
low fire near hebbal flyover,fire
flood near majestic bus stand several people injured,flood
medium flood near kr market bangalore,flood
silk board bangalore pe crime ho gaya,crime
majestic bus stand alli gas leak aagide,gas leak
crime near indiranagar metro station,crime
help fire happening at majestic bus stand,fire
kr market bangalore alli fire aagide,fire
hello there is a gas leak near hebbal flyover,gas leak
high earthquake near whitefield bangalore,earthquake
high gas leak near kr market bangalore,gas leak
hello there is a flood near tumkur road,flood
low flood near kr market bangalore,flood
help flood happening at kr market bangalore,flood
flood near hebbal flyover,flood
silk board bangalore alli crime aagide,crime
help accident happening at nh48 highway,accident
accident near mg road bangalore,accident
tumkur road alli earthquake aagide,earthquake
crime near nh48 highway,crime
building collapse near kr market bangalore two people injured,building collapse
gas leak near majestic bus stand,gas leak
building collapse near indiranagar metro station,building collapse
low accident near nh48 highway,accident
flood near kr market bangalore,flood
crime near majestic bus stand three people injured,crime
help fire happening at kr market bangalore,fire
building collapse near whitefield bangalore three people injured,building collapse
fire near mg road bangalore,fire
whitefield bangalore alli crime aagide,crime
nh48 highway pe crime ho gaya,crime
help flood happening at mg road bangalore,flood
high building collapse near silk board bangalore,building collapse
kr market bangalore alli accident aagide,accident
hello there is a earthquake near hebbal flyover,earthquake
tumkur road alli fire aagide,fire
hello there is a crime near hebbal flyover,crime
low gas leak near whitefield bangalore,gas leak
help earthquake happening at whitefield bangalore,earthquake
kr market bangalore alli fire aagide,fire
hello there is a accident near silk board bangalore,accident
majestic bus stand alli accident aagide,accident
low crime near tumkur road,crime
tumkur road alli crime aagide,crime
crime near indiranagar metro station,crime
hello there is a crime near majestic bus stand,crime
hello there is a accident near tumkur road,accident
medium crime near tumkur road,crime
silk board bangalore pe accident ho gaya,accident
fire near electronic city,fire
high earthquake near electronic city,earthquake
hello there is a crime near nh48 highway,crime
fire near mg road bangalore three people injured,fire
majestic bus stand pe accident ho gaya,accident
fire near majestic bus stand,fire
hello there is a crime near tumkur road,crime
electronic city alli crime aagide,crime
low crime near mg road bangalore,crime
medium crime near tumkur road,crime
accident near hebbal flyover three people injured,accident
silk board bangalore alli accident aagide,accident
medium earthquake near mg road bangalore,earthquake
mg road bangalore alli accident aagide,accident
low earthquake near silk board bangalore,earthquake
nh48 highway alli building collapse aagide,building collapse
tumkur road pe flood ho gaya,flood
mg road bangalore alli building collapse aagide,building collapse
help accident happening at nh48 highway,accident
medium flood near hebbal flyover,flood
silk board bangalore alli accident aagide,accident
crime near indiranagar metro station,crime
low earthquake near mg road bangalore,earthquake
whitefield bangalore pe building collapse ho gaya,building collapse
flood near majestic bus stand several people injured,flood
hello there is a flood near mg road bangalore,flood
low earthquake near electronic city,earthquake
high building collapse near mg road bangalore,building collapse
medium fire near electronic city,fire
building collapse near kr market bangalore,building collapse
indiranagar metro station pe earthquake ho gaya,earthquake
earthquake near whitefield bangalore three people injured,earthquake
earthquake near tumkur road three people injured,earthquake
flood near indiranagar metro station several people injured,flood
help gas leak happening at mg road bangalore,gas leak
high flood near kr market bangalore,flood
tumkur road alli building collapse aagide,building collapse
hello there is a earthquake near electronic city,earthquake
earthquake near nh48 highway,earthquake
hello there is a fire near kr market bangalore,fire
help crime happening at kr market bangalore,crime
hello there is a fire near silk board bangalore,fire
hebbal flyover alli earthquake aagide,earthquake
flood near whitefield bangalore,flood
help fire happening at indiranagar metro station,fire
accident near indiranagar metro station three people injured,accident
flood near hebbal flyover one person injured,flood
hello there is a crime near indiranagar metro station,crime
gas leak near nh48 highway several people injured,gas leak
help building collapse happening at electronic city,building collapse
mg road bangalore pe fire ho gaya,fire
majestic bus stand pe building collapse ho gaya,building collapse
tumkur road alli crime aagide,crime
tumkur road pe flood ho gaya,flood
fire near hebbal flyover,fire
fire near indiranagar metro station,fire
fire near majestic bus stand several people injured,fire
hello there is a gas leak near hebbal flyover,gas leak
hello there is a earthquake near silk board bangalore,earthquake
help earthquake happening at indiranagar metro station,earthquake
medium flood near whitefield bangalore,flood
flood near mg road bangalore two people injured,flood
indiranagar metro station pe building collapse ho gaya,building collapse
flood near whitefield bangalore two people injured,flood
accident near indiranagar metro station,accident
accident near mg road bangalore,accident
crime near electronic city one person injured,crime
help accident happening at majestic bus stand,accident
help flood happening at hebbal flyover,flood
whitefield bangalore alli flood aagide,flood
crime near hebbal flyover three people injured,crime
help fire happening at electronic city,fire
help fire happening at indiranagar metro station,fire
help fire happening at kr market bangalore,fire
hello there is a fire near majestic bus stand,fire
tumkur road alli gas leak aagide,gas leak
medium earthquake near mg road bangalore,earthquake
hello there is a accident near mg road bangalore,accident
accident near electronic city several people injured,accident
whitefield bangalore alli fire aagide,fire
gas leak near majestic bus stand,gas leak
flood near indiranagar metro station,flood
electronic city alli gas leak aagide,gas leak
whitefield bangalore pe flood ho gaya,flood
accident near mg road bangalore,accident
indiranagar metro station pe building collapse ho gaya,building collapse
fire near silk board bangalore several people injured,fire
accident near whitefield bangalore,accident
hello there is a earthquake near mg road bangalore,earthquake
fire near hebbal flyover,fire
tumkur road alli gas leak aagide,gas leak
high building collapse near mg road bangalore,building collapse
majestic bus stand alli flood aagide,flood
fire near silk board bangalore,fire
hello there is a earthquake near hebbal flyover,earthquake
hello there is a building collapse near hebbal flyover,building collapse
help gas leak happening at nh48 highway,gas leak
crime near hebbal flyover two people injured,crime
nh48 highway alli fire aagide,fire
earthquake near hebbal flyover,earthquake
flood near tumkur road,flood
gas leak near whitefield bangalore,gas leak
indiranagar metro station alli building collapse aagide,building collapse
help building collapse happening at silk board bangalore,building collapse
mg road bangalore pe flood ho gaya,flood
whitefield bangalore alli fire aagide,fire
hello there is a fire near indiranagar metro station,fire
flood near tumkur road three people injured,flood
mg road bangalore pe fire ho gaya,fire
nh48 highway pe earthquake ho gaya,earthquake
kr market bangalore pe flood ho gaya,flood
majestic bus stand pe crime ho gaya,crime
help gas leak happening at mg road bangalore,gas leak
low fire near mg road bangalore,fire
mg road bangalore alli building collapse aagide,building collapse
help crime happening at kr market bangalore,crime
low building collapse near indiranagar metro station,building collapse
crime near indiranagar metro station one person injured,crime
help gas leak happening at kr market bangalore,gas leak
help gas leak happening at mg road bangalore,gas leak
help building collapse happening at indiranagar metro station,building collapse
flood near electronic city several people injured,flood
help crime happening at hebbal flyover,crime
indiranagar metro station alli building collapse aagide,building collapse
majestic bus stand alli crime aagide,crime
low earthquake near mg road bangalore,earthquake
high flood near silk board bangalore,flood
hello there is a building collapse near silk board bangalore,building collapse
high fire near indiranagar metro station,fire
hello there is a gas leak near nh48 highway,gas leak
earthquake near indiranagar metro station,earthquake
hello there is a crime near majestic bus stand,crime
crime near whitefield bangalore one person injured,crime
high gas leak near nh48 highway,gas leak
hello there is a crime near kr market bangalore,crime
medium flood near tumkur road,flood
hello there is a gas leak near tumkur road,gas leak
whitefield bangalore pe accident ho gaya,accident
silk board bangalore alli crime aagide,crime
indiranagar metro station pe gas leak ho gaya,gas leak
hello there is a accident near whitefield bangalore,accident
gas leak near kr market bangalore one person injured,gas leak
help earthquake happening at majestic bus stand,earthquake
fire near tumkur road two people injured,fire
high gas leak near mg road bangalore,gas leak
nh48 highway alli gas leak aagide,gas leak
low building collapse near electronic city,building collapse
hello there is a crime near whitefield bangalore,crime
tumkur road alli crime aagide,crime
hebbal flyover alli building collapse aagide,building collapse
accident near nh48 highway three people injured,accident
crime near hebbal flyover,crime
low accident near silk board bangalore,accident
help fire happening at majestic bus stand,fire
high accident near indiranagar metro station,accident
building collapse near indiranagar metro station,building collapse
earthquake near kr market bangalore one person injured,earthquake
help accident happening at nh48 highway,accident
accident near mg road bangalore,accident
hello there is a accident near whitefield bangalore,accident
majestic bus stand alli crime aagide,crime
majestic bus stand pe earthquake ho gaya,earthquake
high building collapse near whitefield bangalore,building collapse
building collapse near majestic bus stand,building collapse
silk board bangalore pe accident ho gaya,accident
indiranagar metro station alli accident aagide,accident
mg road bangalore alli earthquake aagide,earthquake
help earthquake happening at whitefield bangalore,earthquake
low earthquake near kr market bangalore,earthquake
nh48 highway alli gas leak aagide,gas leak
flood near indiranagar metro station,flood
high accident near indiranagar metro station,accident
help building collapse happening at mg road bangalore,building collapse
earthquake near majestic bus stand,earthquake
gas leak near nh48 highway,gas leak
help accident happening at nh48 highway,accident
help gas leak happening at tumkur road,gas leak
hello there is a gas leak near whitefield bangalore,gas leak
help flood happening at whitefield bangalore,flood
high crime near indiranagar metro station,crime
nh48 highway alli crime aagide,crime
flood near nh48 highway three people injured,flood
flood near tumkur road two people injured,flood
low earthquake near whitefield bangalore,earthquake
indiranagar metro station alli fire aagide,fire
accident near mg road bangalore one person injured,accident
medium building collapse near majestic bus stand,building collapse
high crime near electronic city,crime
hello there is a fire near majestic bus stand,fire
electronic city pe fire ho gaya,fire
medium earthquake near whitefield bangalore,earthquake
gas leak near majestic bus stand one person injured,gas leak
help crime happening at hebbal flyover,crime
kr market bangalore pe gas leak ho gaya,gas leak
hello there is a flood near kr market bangalore,flood
hello there is a building collapse near majestic bus stand,building collapse
silk board bangalore pe fire ho gaya,fire
medium crime near indiranagar metro station,crime
whitefield bangalore pe accident ho gaya,accident
kr market bangalore pe flood ho gaya,flood
medium accident near whitefield bangalore,accident
hello there is a crime near nh48 highway,crime
help building collapse happening at tumkur road,building collapse
indiranagar metro station pe building collapse ho gaya,building collapse
indiranagar metro station alli crime aagide,crime
earthquake near nh48 highway three people injured,earthquake
help fire happening at hebbal flyover,fire
hello there is a accident near electronic city,accident
kr market bangalore pe earthquake ho gaya,earthquake
indiranagar metro station pe earthquake ho gaya,earthquake
indiranagar metro station alli flood aagide,flood
indiranagar metro station pe earthquake ho gaya,earthquake
indiranagar metro station alli flood aagide,flood
silk board bangalore alli accident aagide,accident
hello there is a gas leak near kr market bangalore,gas leak
help earthquake happening at kr market bangalore,earthquake
gas leak near tumkur road,gas leak
help fire happening at hebbal flyover,fire
nh48 highway alli fire aagide,fire
medium flood near majestic bus stand,flood
hello there is a accident near electronic city,accident
tumkur road pe building collapse ho gaya,building collapse
nh48 highway alli flood aagide,flood
building collapse near indiranagar metro station,building collapse
gas leak near electronic city several people injured,gas leak
help fire happening at electronic city,fire
electronic city alli building collapse aagide,building collapse
medium gas leak near mg road bangalore,gas leak
accident near silk board bangalore,accident
kr market bangalore alli earthquake aagide,earthquake
help crime happening at kr market bangalore,crime
hebbal flyover pe accident ho gaya,accident
fire near hebbal flyover,fire
fire near nh48 highway two people injured,fire
low fire near mg road bangalore,fire
whitefield bangalore pe crime ho gaya,crime
majestic bus stand pe building collapse ho gaya,building collapse
help fire happening at nh48 highway,fire
indiranagar metro station alli gas leak aagide,gas leak
kr market bangalore alli building collapse aagide,building collapse
majestic bus stand alli flood aagide,flood
tumkur road alli building collapse aagide,building collapse
electronic city pe earthquake ho gaya,earthquake
earthquake near silk board bangalore three people injured,earthquake
whitefield bangalore alli accident aagide,accident
fire near mg road bangalore,fire
help accident happening at tumkur road,accident
hello there is a flood near nh48 highway,flood
mg road bangalore pe earthquake ho gaya,earthquake
low flood near hebbal flyover,flood
help crime happening at electronic city,crime
hello there is a building collapse near electronic city,building collapse
flood near kr market bangalore three people injured,flood
medium fire near hebbal flyover,fire
gas leak near majestic bus stand,gas leak
hello there is a crime near electronic city,crime
help building collapse happening at nh48 highway,building collapse
nh48 highway pe accident ho gaya,accident
hello there is a flood near hebbal flyover,flood
kr market bangalore alli crime aagide,crime
indiranagar metro station pe flood ho gaya,flood
help building collapse happening at tumkur road,building collapse
building collapse near kr market bangalore one person injured,building collapse
hello there is a accident near nh48 highway,accident
low building collapse near silk board bangalore,building collapse
whitefield bangalore alli flood aagide,flood
help accident happening at indiranagar metro station,accident
accident near hebbal flyover one person injured,accident
help flood happening at whitefield bangalore,flood
silk board bangalore alli fire aagide,fire
earthquake near tumkur road several people injured,earthquake
silk board bangalore pe gas leak ho gaya,gas leak
gas leak near mg road bangalore several people injured,gas leak
medium accident near nh48 highway,accident
hello there is a crime near hebbal flyover,crime
earthquake near indiranagar metro station two people injured,earthquake
hello there is a flood near hebbal flyover,flood
hebbal flyover alli building collapse aagide,building collapse
medium crime near nh48 highway,crime
whitefield bangalore alli fire aagide,fire
hello there is a crime near silk board bangalore,crime
whitefield bangalore alli building collapse aagide,building collapse
help fire happening at kr market bangalore,fire
hello there is a fire near hebbal flyover,fire
electronic city pe gas leak ho gaya,gas leak
tumkur road alli crime aagide,crime
kr market bangalore alli crime aagide,crime
whitefield bangalore alli accident aagide,accident
electronic city alli crime aagide,crime
hello there is a earthquake near tumkur road,earthquake
hello there is a fire near mg road bangalore,fire
silk board bangalore pe crime ho gaya,crime
whitefield bangalore alli building collapse aagide,building collapse
hello there is a building collapse near whitefield bangalore,building collapse
kr market bangalore alli gas leak aagide,gas leak
kr market bangalore pe accident ho gaya,accident
building collapse near whitefield bangalore,building collapse
earthquake near majestic bus stand two people injured,earthquake
hello there is a fire near silk board bangalore,fire
mg road bangalore pe earthquake ho gaya,earthquake
help accident happening at electronic city,accident
medium accident near hebbal flyover,accident
majestic bus stand alli earthquake aagide,earthquake
hello there is a gas leak near indiranagar metro station,gas leak
high building collapse near tumkur road,building collapse
indiranagar metro station pe fire ho gaya,fire
hello there is a earthquake near electronic city,earthquake
earthquake near electronic city three people injured,earthquake
help accident happening at silk board bangalore,accident
low accident near tumkur road,accident
hello there is a building collapse near hebbal flyover,building collapse
help gas leak happening at mg road bangalore,gas leak
earthquake near nh48 highway three people injured,earthquake
help fire happening at electronic city,fire
help accident happening at hebbal flyover,accident
low earthquake near indiranagar metro station,earthquake
accident near tumkur road,accident
whitefield bangalore alli crime aagide,crime
accident near nh48 highway several people injured,accident
low building collapse near tumkur road,building collapse
high accident near indiranagar metro station,accident
help crime happening at silk board bangalore,crime
majestic bus stand alli fire aagide,fire
flood near indiranagar metro station,flood
earthquake near whitefield bangalore several people injured,earthquake
indiranagar metro station alli gas leak aagide,gas leak
help fire happening at tumkur road,fire
high flood near kr market bangalore,flood
hebbal flyover alli flood aagide,flood
accident near silk board bangalore,accident
hebbal flyover alli crime aagide,crime
accident near tumkur road,accident
medium gas leak near tumkur road,gas leak
hello there is a gas leak near indiranagar metro station,gas leak
medium gas leak near silk board bangalore,gas leak
hello there is a fire near hebbal flyover,fire
hello there is a building collapse near mg road bangalore,building collapse
accident near whitefield bangalore one person injured,accident
earthquake near kr market bangalore three people injured,earthquake
help fire happening at kr market bangalore,fire
indiranagar metro station alli crime aagide,crime
accident near mg road bangalore,accident
earthquake near whitefield bangalore,earthquake
flood near hebbal flyover,flood
accident near tumkur road several people injured,accident
medium fire near indiranagar metro station,fire
gas leak near whitefield bangalore,gas leak
fire near majestic bus stand,fire
low fire near hebbal flyover,fire
mg road bangalore pe building collapse ho gaya,building collapse
fire near electronic city,fire
whitefield bangalore pe crime ho gaya,crime
mg road bangalore alli earthquake aagide,earthquake
kr market bangalore alli fire aagide,fire
hello there is a accident near indiranagar metro station,accident
high earthquake near silk board bangalore,earthquake
fire near tumkur road,fire
nh48 highway pe building collapse ho gaya,building collapse
whitefield bangalore alli accident aagide,accident
fire near silk board bangalore,fire
low earthquake near electronic city,earthquake
hello there is a building collapse near kr market bangalore,building collapse
hebbal flyover alli gas leak aagide,gas leak
hello there is a accident near majestic bus stand,accident
electronic city pe accident ho gaya,accident
building collapse near tumkur road,building collapse
help gas leak happening at mg road bangalore,gas leak
tumkur road pe fire ho gaya,fire
crime near electronic city two people injured,crime
kr market bangalore pe crime ho gaya,crime
building collapse near electronic city two people injured,building collapse
silk board bangalore alli crime aagide,crime
earthquake near mg road bangalore one person injured,earthquake
majestic bus stand pe building collapse ho gaya,building collapse
low flood near nh48 highway,flood
low crime near electronic city,crime
silk board bangalore alli gas leak aagide,gas leak
flood near kr market bangalore,flood
silk board bangalore pe flood ho gaya,flood
help gas leak happening at nh48 highway,gas leak
hello there is a fire near nh48 highway,fire
building collapse near electronic city,building collapse
help flood happening at nh48 highway,flood
flood near kr market bangalore three people injured,flood
medium accident near tumkur road,accident
hello there is a earthquake near tumkur road,earthquake
hebbal flyover pe accident ho gaya,accident
flood near indiranagar metro station several people injured,flood
tumkur road alli flood aagide,flood
help crime happening at indiranagar metro station,crime
whitefield bangalore pe earthquake ho gaya,earthquake
hello there is a accident near electronic city,accident
silk board bangalore pe flood ho gaya,flood
help accident happening at electronic city,accident
crime near majestic bus stand several people injured,crime
hello there is a earthquake near electronic city,earthquake
accident near indiranagar metro station,accident
low crime near indiranagar metro station,crime
majestic bus stand alli crime aagide,crime
gas leak near majestic bus stand several people injured,gas leak
high accident near kr market bangalore,accident
hello there is a earthquake near whitefield bangalore,earthquake
hello there is a crime near majestic bus stand,crime
tumkur road pe gas leak ho gaya,gas leak
high fire near silk board bangalore,fire
majestic bus stand alli flood aagide,flood
high fire near majestic bus stand,fire
low gas leak near silk board bangalore,gas leak
medium earthquake near kr market bangalore,earthquake
whitefield bangalore alli accident aagide,accident
earthquake near whitefield bangalore,earthquake
hello there is a flood near mg road bangalore,flood
flood near hebbal flyover three people injured,flood
help fire happening at kr market bangalore,fire
gas leak near indiranagar metro station,gas leak
silk board bangalore alli accident aagide,accident
help accident happening at tumkur road,accident
earthquake near electronic city,earthquake
hello there is a earthquake near majestic bus stand,earthquake
hello there is a crime near silk board bangalore,crime
kr market bangalore alli fire aagide,fire
hello there is a accident near hebbal flyover,accident
high fire near mg road bangalore,fire
earthquake near hebbal flyover,earthquake
medium gas leak near silk board bangalore,gas leak
nh48 highway alli flood aagide,flood
hello there is a gas leak near electronic city,gas leak
building collapse near tumkur road several people injured,building collapse
accident near tumkur road,accident
gas leak near electronic city,gas leak
mg road bangalore alli crime aagide,crime
low flood near majestic bus stand,flood
help earthquake happening at electronic city,earthquake
fire near majestic bus stand several people injured,fire
hello there is a accident near tumkur road,accident
kr market bangalore pe gas leak ho gaya,gas leak
electronic city pe earthquake ho gaya,earthquake
kr market bangalore alli flood aagide,flood
hello there is a accident near silk board bangalore,accident
help fire happening at majestic bus stand,fire
nh48 highway pe accident ho gaya,accident
help building collapse happening at kr market bangalore,building collapse
accident near indiranagar metro station two people injured,accident
hello there is a crime near kr market bangalore,crime
tumkur road pe accident ho gaya,accident
earthquake near electronic city two people injured,earthquake
mg road bangalore pe flood ho gaya,flood
hello there is a crime near nh48 highway,crime
whitefield bangalore pe earthquake ho gaya,earthquake
hebbal flyover alli flood aagide,flood
accident near whitefield bangalore several people injured,accident
building collapse near kr market bangalore two people injured,building collapse
help accident happening at hebbal flyover,accident
hello there is a accident near nh48 highway,accident
building collapse near nh48 highway,building collapse
low crime near nh48 highway,crime
help gas leak happening at hebbal flyover,gas leak
crime near mg road bangalore,crime
indiranagar metro station pe gas leak ho gaya,gas leak
hello there is a fire near tumkur road,fire
help gas leak happening at hebbal flyover,gas leak
medium gas leak near indiranagar metro station,gas leak
help earthquake happening at electronic city,earthquake
flood near silk board bangalore two people injured,flood
hello there is a building collapse near silk board bangalore,building collapse
gas leak near kr market bangalore,gas leak
nh48 highway alli gas leak aagide,gas leak
whitefield bangalore alli gas leak aagide,gas leak
gas leak near silk board bangalore,gas leak
high building collapse near tumkur road,building collapse
flood near majestic bus stand one person injured,flood
mg road bangalore pe fire ho gaya,fire
help building collapse happening at silk board bangalore,building collapse
help crime happening at whitefield bangalore,crime
earthquake near electronic city three people injured,earthquake
mg road bangalore pe fire ho gaya,fire
medium building collapse near indiranagar metro station,building collapse
gas leak near majestic bus stand,gas leak
building collapse near majestic bus stand,building collapse
kr market bangalore alli flood aagide,flood
help crime happening at electronic city,crime
building collapse near whitefield bangalore two people injured,building collapse
help fire happening at whitefield bangalore,fire
majestic bus stand pe earthquake ho gaya,earthquake
medium flood near silk board bangalore,flood
gas leak near indiranagar metro station two people injured,gas leak
high accident near electronic city,accident
help flood happening at mg road bangalore,flood
flood near electronic city,flood
hello there is a flood near hebbal flyover,flood
help flood happening at kr market bangalore,flood
earthquake near electronic city,earthquake
medium earthquake near kr market bangalore,earthquake
low flood near mg road bangalore,flood
kr market bangalore alli gas leak aagide,gas leak
low crime near indiranagar metro station,crime
flood near silk board bangalore two people injured,flood
hello there is a gas leak near kr market bangalore,gas leak
crime near hebbal flyover,crime
crime near tumkur road,crime
hello there is a accident near majestic bus stand,accident
silk board bangalore alli gas leak aagide,gas leak
hello there is a crime near nh48 highway,crime
gas leak near silk board bangalore one person injured,gas leak
medium earthquake near kr market bangalore,earthquake
hello there is a accident near whitefield bangalore,accident
hello there is a accident near silk board bangalore,accident
hello there is a flood near indiranagar metro station,flood
hello there is a earthquake near silk board bangalore,earthquake
high gas leak near indiranagar metro station,gas leak
high fire near tumkur road,fire
hello there is a building collapse near nh48 highway,building collapse
gas leak near majestic bus stand one person injured,gas leak
hello there is a crime near tumkur road,crime
gas leak near nh48 highway two people injured,gas leak
low gas leak near whitefield bangalore,gas leak
flood near indiranagar metro station three people injured,flood
kr market bangalore alli building collapse aagide,building collapse
hello there is a building collapse near hebbal flyover,building collapse
earthquake near majestic bus stand,earthquake
help gas leak happening at electronic city,gas leak
indiranagar metro station pe earthquake ho gaya,earthquake
majestic bus stand pe earthquake ho gaya,earthquake
hello there is a gas leak near hebbal flyover,gas leak
building collapse near mg road bangalore several people injured,building collapse
high fire near kr market bangalore,fire
low gas leak near kr market bangalore,gas leak
help accident happening at majestic bus stand,accident
hello there is a crime near indiranagar metro station,crime
building collapse near mg road bangalore,building collapse
help earthquake happening at silk board bangalore,earthquake
help accident happening at whitefield bangalore,accident
majestic bus stand pe flood ho gaya,flood
electronic city alli accident aagide,accident
electronic city pe crime ho gaya,crime
medium accident near whitefield bangalore,accident
help gas leak happening at kr market bangalore,gas leak
flood near indiranagar metro station,flood
crime near hebbal flyover,crime
indiranagar metro station pe fire ho gaya,fire
accident near kr market bangalore,accident
hebbal flyover alli gas leak aagide,gas leak
hello there is a earthquake near nh48 highway,earthquake
low fire near nh48 highway,fire
help fire happening at hebbal flyover,fire
hebbal flyover pe accident ho gaya,accident
help building collapse happening at silk board bangalore,building collapse
hello there is a fire near whitefield bangalore,fire
crime near mg road bangalore several people injured,crime
nh48 highway pe building collapse ho gaya,building collapse
help gas leak happening at nh48 highway,gas leak
earthquake near electronic city,earthquake
crime near tumkur road several people injured,crime
crime near hebbal flyover,crime
silk board bangalore alli gas leak aagide,gas leak
electronic city alli building collapse aagide,building collapse
crime near electronic city two people injured,crime
mg road bangalore pe accident ho gaya,accident
kr market bangalore pe gas leak ho gaya,gas leak
help earthquake happening at tumkur road,earthquake
help gas leak happening at kr market bangalore,gas leak
crime near nh48 highway several people injured,crime
high fire near nh48 highway,fire
nh48 highway alli earthquake aagide,earthquake
kr market bangalore alli building collapse aagide,building collapse
fire near electronic city two people injured,fire
tumkur road alli building collapse aagide,building collapse
hello there is a earthquake near tumkur road,earthquake
hello there is a accident near hebbal flyover,accident
indiranagar metro station alli earthquake aagide,earthquake
building collapse near indiranagar metro station three people injured,building collapse
silk board bangalore pe accident ho gaya,accident
hello there is a flood near whitefield bangalore,flood
majestic bus stand pe crime ho gaya,crime
help building collapse happening at nh48 highway,building collapse
help crime happening at kr market bangalore,crime
indiranagar metro station pe accident ho gaya,accident
tumkur road pe fire ho gaya,fire
gas leak near electronic city several people injured,gas leak
nh48 highway alli crime aagide,crime
hebbal flyover alli earthquake aagide,earthquake
hebbal flyover pe earthquake ho gaya,earthquake
hello there is a gas leak near silk board bangalore,gas leak
electronic city alli accident aagide,accident
accident near whitefield bangalore one person injured,accident
medium crime near electronic city,crime
hebbal flyover alli crime aagide,crime
medium crime near indiranagar metro station,crime
fire near indiranagar metro station,fire
help accident happening at mg road bangalore,accident
fire near nh48 highway,fire
hello there is a flood near nh48 highway,flood
mg road bangalore pe fire ho gaya,fire
hello there is a fire near mg road bangalore,fire
hello there is a accident near majestic bus stand,accident
earthquake near electronic city one person injured,earthquake
indiranagar metro station alli flood aagide,flood
medium flood near kr market bangalore,flood
gas leak near electronic city two people injured,gas leak
help crime happening at whitefield bangalore,crime
help gas leak happening at silk board bangalore,gas leak
crime near silk board bangalore,crime
hello there is a earthquake near hebbal flyover,earthquake
hello there is a building collapse near hebbal flyover,building collapse
help accident happening at electronic city,accident
mg road bangalore pe crime ho gaya,crime
accident near indiranagar metro station,accident
building collapse near nh48 highway,building collapse
high flood near silk board bangalore,flood
gas leak near silk board bangalore,gas leak
flood near indiranagar metro station one person injured,flood
building collapse near tumkur road,building collapse
whitefield bangalore pe gas leak ho gaya,gas leak
tumkur road alli earthquake aagide,earthquake
low crime near tumkur road,crime
high building collapse near mg road bangalore,building collapse
electronic city pe flood ho gaya,flood
kr market bangalore alli crime aagide,crime
hello there is a crime near whitefield bangalore,crime
hello there is a gas leak near majestic bus stand,gas leak
accident near mg road bangalore one person injured,accident
mg road bangalore pe gas leak ho gaya,gas leak
tumkur road alli accident aagide,accident
hebbal flyover alli crime aagide,crime
tumkur road pe accident ho gaya,accident
hello there is a building collapse near electronic city,building collapse
whitefield bangalore pe fire ho gaya,fire
hello there is a accident near mg road bangalore,accident
hello there is a fire near tumkur road,fire
help earthquake happening at majestic bus stand,earthquake
help crime happening at whitefield bangalore,crime
indiranagar metro station alli flood aagide,flood
help flood happening at kr market bangalore,flood
high accident near majestic bus stand,accident
nh48 highway alli fire aagide,fire
crime near majestic bus stand several people injured,crime
low accident near whitefield bangalore,accident
hello there is a earthquake near mg road bangalore,earthquake
high fire near mg road bangalore,fire
majestic bus stand alli crime aagide,crime
hello there is a building collapse near kr market bangalore,building collapse
medium gas leak near silk board bangalore,gas leak
mg road bangalore pe accident ho gaya,accident
accident near silk board bangalore,accident
indiranagar metro station pe flood ho gaya,flood
fire near hebbal flyover,fire
accident near silk board bangalore two people injured,accident
help accident happening at hebbal flyover,accident
accident near nh48 highway two people injured,accident
majestic bus stand alli accident aagide,accident
medium building collapse near majestic bus stand,building collapse
crime near electronic city one person injured,crime
flood near kr market bangalore three people injured,flood
accident near silk board bangalore,accident
flood near nh48 highway three people injured,flood
hello there is a flood near majestic bus stand,flood
hebbal flyover alli accident aagide,accident
hello there is a accident near silk board bangalore,accident
medium building collapse near nh48 highway,building collapse
help earthquake happening at mg road bangalore,earthquake
silk board bangalore pe crime ho gaya,crime
medium fire near electronic city,fire
hebbal flyover pe fire ho gaya,fire
gas leak near silk board bangalore,gas leak
low crime near silk board bangalore,crime
hello there is a fire near whitefield bangalore,fire
hello there is a gas leak near majestic bus stand,gas leak
hello there is a crime near majestic bus stand,crime
accident near silk board bangalore one person injured,accident
hello there is a gas leak near electronic city,gas leak
help earthquake happening at whitefield bangalore,earthquake
silk board bangalore alli flood aagide,flood
earthquake near whitefield bangalore,earthquake
indiranagar metro station pe flood ho gaya,flood
medium crime near silk board bangalore,crime
hebbal flyover alli building collapse aagide,building collapse
medium gas leak near tumkur road,gas leak
flood near tumkur road three people injured,flood
mg road bangalore pe gas leak ho gaya,gas leak
low flood near majestic bus stand,flood
medium gas leak near tumkur road,gas leak
help fire happening at majestic bus stand,fire
gas leak near majestic bus stand,gas leak
medium crime near tumkur road,crime
building collapse near majestic bus stand two people injured,building collapse
help crime happening at tumkur road,crime
hebbal flyover alli earthquake aagide,earthquake
building collapse near tumkur road,building collapse
medium building collapse near whitefield bangalore,building collapse
tumkur road pe accident ho gaya,accident
help accident happening at whitefield bangalore,accident
medium building collapse near nh48 highway,building collapse
earthquake near whitefield bangalore,earthquake
help earthquake happening at electronic city,earthquake
help accident happening at tumkur road,accident
help fire happening at silk board bangalore,fire
hello there is a fire near tumkur road,fire
medium flood near kr market bangalore,flood
whitefield bangalore alli gas leak aagide,gas leak
building collapse near whitefield bangalore,building collapse
hello there is a accident near whitefield bangalore,accident
silk board bangalore alli accident aagide,accident
earthquake near tumkur road,earthquake
high earthquake near majestic bus stand,earthquake
silk board bangalore pe fire ho gaya,fire
electronic city pe gas leak ho gaya,gas leak
low earthquake near mg road bangalore,earthquake
gas leak near whitefield bangalore two people injured,gas leak
hello there is a building collapse near electronic city,building collapse
accident near majestic bus stand two people injured,accident
help flood happening at mg road bangalore,flood
help crime happening at hebbal flyover,crime
medium earthquake near silk board bangalore,earthquake
hello there is a gas leak near hebbal flyover,gas leak
silk board bangalore alli fire aagide,fire
fire near nh48 highway,fire
indiranagar metro station pe accident ho gaya,accident
high flood near hebbal flyover,flood
crime near nh48 highway,crime
help earthquake happening at nh48 highway,earthquake
building collapse near electronic city several people injured,building collapse
hebbal flyover alli building collapse aagide,building collapse
medium accident near nh48 highway,accident
earthquake near indiranagar metro station,earthquake
mg road bangalore pe building collapse ho gaya,building collapse
medium crime near tumkur road,crime
crime near majestic bus stand,crime
hebbal flyover alli building collapse aagide,building collapse
low earthquake near indiranagar metro station,earthquake
fire near electronic city several people injured,fire
silk board bangalore pe crime ho gaya,crime
electronic city pe gas leak ho gaya,gas leak
high earthquake near tumkur road,earthquake
flood near electronic city,flood
medium gas leak near kr market bangalore,gas leak
high fire near majestic bus stand,fire
gas leak near silk board bangalore several people injured,gas leak
high earthquake near silk board bangalore,earthquake
kr market bangalore pe earthquake ho gaya,earthquake
electronic city alli crime aagide,crime
medium building collapse near silk board bangalore,building collapse
electronic city alli gas leak aagide,gas leak
flood near silk board bangalore several people injured,flood
help crime happening at kr market bangalore,crime
tumkur road alli gas leak aagide,gas leak
majestic bus stand alli crime aagide,crime
low fire near indiranagar metro station,fire
hello there is a gas leak near whitefield bangalore,gas leak
whitefield bangalore alli fire aagide,fire
help gas leak happening at mg road bangalore,gas leak
earthquake near hebbal flyover,earthquake
high earthquake near nh48 highway,earthquake
earthquake near majestic bus stand,earthquake
medium flood near kr market bangalore,flood
mg road bangalore pe fire ho gaya,fire
flood near electronic city one person injured,flood
accident near mg road bangalore one person injured,accident
hello there is a crime near silk board bangalore,crime
help building collapse happening at whitefield bangalore,building collapse
earthquake near electronic city,earthquake
high building collapse near electronic city,building collapse
help accident happening at electronic city,accident
fire near hebbal flyover two people injured,fire
low fire near silk board bangalore,fire
medium gas leak near tumkur road,gas leak
low fire near whitefield bangalore,fire
accident near indiranagar metro station one person injured,accident
crime near silk board bangalore,crime
help fire happening at electronic city,fire
hello there is a accident near mg road bangalore,accident
help gas leak happening at nh48 highway,gas leak
earthquake near whitefield bangalore two people injured,earthquake
hello there is a gas leak near silk board bangalore,gas leak
fire near kr market bangalore three people injured,fire
help earthquake happening at tumkur road,earthquake
accident near indiranagar metro station,accident
nh48 highway pe building collapse ho gaya,building collapse
flood near electronic city,flood
help gas leak happening at hebbal flyover,gas leak
medium fire near whitefield bangalore,fire
gas leak near mg road bangalore three people injured,gas leak
help accident happening at mg road bangalore,accident
help accident happening at whitefield bangalore,accident
flood near whitefield bangalore,flood
mg road bangalore pe building collapse ho gaya,building collapse
earthquake near mg road bangalore one person injured,earthquake
help earthquake happening at hebbal flyover,earthquake
hello there is a fire near silk board bangalore,fire
help gas leak happening at indiranagar metro station,gas leak
hello there is a building collapse near kr market bangalore,building collapse
accident near indiranagar metro station,accident
majestic bus stand alli crime aagide,crime
hello there is a flood near silk board bangalore,flood
majestic bus stand pe gas leak ho gaya,gas leak
whitefield bangalore pe gas leak ho gaya,gas leak
help building collapse happening at mg road bangalore,building collapse
hello there is a accident near mg road bangalore,accident
medium accident near hebbal flyover,accident
whitefield bangalore pe accident ho gaya,accident
hebbal flyover alli fire aagide,fire
earthquake near nh48 highway,earthquake
hebbal flyover pe earthquake ho gaya,earthquake
help earthquake happening at majestic bus stand,earthquake
flood near whitefield bangalore,flood
help earthquake happening at majestic bus stand,earthquake
crime near hebbal flyover one person injured,crime
low fire near silk board bangalore,fire
mg road bangalore alli accident aagide,accident
medium building collapse near kr market bangalore,building collapse
hello there is a accident near nh48 highway,accident
tumkur road pe accident ho gaya,accident
nh48 highway alli gas leak aagide,gas leak
accident near majestic bus stand,accident
help crime happening at silk board bangalore,crime
majestic bus stand alli earthquake aagide,earthquake
whitefield bangalore pe building collapse ho gaya,building collapse
building collapse near indiranagar metro station,building collapse
flood near kr market bangalore,flood
kr market bangalore alli earthquake aagide,earthquake
earthquake near silk board bangalore,earthquake
indiranagar metro station alli gas leak aagide,gas leak
tumkur road alli fire aagide,fire
fire near whitefield bangalore,fire
hello there is a flood near indiranagar metro station,flood
building collapse near hebbal flyover,building collapse
low fire near nh48 highway,fire
help flood happening at kr market bangalore,flood
help flood happening at silk board bangalore,flood
low accident near electronic city,accident
gas leak near silk board bangalore,gas leak
kr market bangalore alli accident aagide,accident
hello there is a flood near indiranagar metro station,flood
high earthquake near nh48 highway,earthquake
help crime happening at nh48 highway,crime
high gas leak near nh48 highway,gas leak
nh48 highway pe gas leak ho gaya,gas leak
kr market bangalore pe building collapse ho gaya,building collapse
electronic city alli accident aagide,accident
hello there is a crime near majestic bus stand,crime
indiranagar metro station pe accident ho gaya,accident
tumkur road pe building collapse ho gaya,building collapse
medium building collapse near kr market bangalore,building collapse
flood near tumkur road,flood
help earthquake happening at indiranagar metro station,earthquake
earthquake near tumkur road several people injured,earthquake
kr market bangalore alli crime aagide,crime
medium gas leak near indiranagar metro station,gas leak
flood near mg road bangalore two people injured,flood
hello there is a accident near majestic bus stand,accident
high gas leak near nh48 highway,gas leak
hello there is a building collapse near whitefield bangalore,building collapse
earthquake near whitefield bangalore,earthquake
help gas leak happening at kr market bangalore,gas leak
help building collapse happening at hebbal flyover,building collapse
crime near nh48 highway one person injured,crime
hebbal flyover pe gas leak ho gaya,gas leak
majestic bus stand pe crime ho gaya,crime
whitefield bangalore alli flood aagide,flood
help earthquake happening at nh48 highway,earthquake
mg road bangalore pe flood ho gaya,flood
flood near nh48 highway three people injured,flood
high earthquake near majestic bus stand,earthquake
high fire near tumkur road,fire
gas leak near electronic city one person injured,gas leak
crime near mg road bangalore,crime
kr market bangalore alli fire aagide,fire
medium fire near whitefield bangalore,fire
building collapse near nh48 highway three people injured,building collapse
silk board bangalore alli fire aagide,fire
low accident near whitefield bangalore,accident
help flood happening at hebbal flyover,flood
indiranagar metro station pe accident ho gaya,accident
hebbal flyover alli flood aagide,flood
low fire near electronic city,fire
hello there is a flood near hebbal flyover,flood
crime near hebbal flyover,crime
building collapse near tumkur road three people injured,building collapse
hello there is a earthquake near electronic city,earthquake
accident near nh48 highway,accident
hello there is a gas leak near silk board bangalore,gas leak
fire near whitefield bangalore,fire
hello there is a crime near whitefield bangalore,crime
building collapse near silk board bangalore,building collapse
hello there is a fire near whitefield bangalore,fire
kr market bangalore pe accident ho gaya,accident
fire near tumkur road two people injured,fire
silk board bangalore pe fire ho gaya,fire
mg road bangalore alli gas leak aagide,gas leak
silk board bangalore pe gas leak ho gaya,gas leak
hello there is a building collapse near silk board bangalore,building collapse
building collapse near kr market bangalore,building collapse
silk board bangalore pe gas leak ho gaya,gas leak
crime near electronic city three people injured,crime
help gas leak happening at silk board bangalore,gas leak
help building collapse happening at whitefield bangalore,building collapse
help flood happening at kr market bangalore,flood
hello there is a fire near silk board bangalore,fire
earthquake near hebbal flyover,earthquake
tumkur road pe crime ho gaya,crime
low fire near electronic city,fire
flood near electronic city one person injured,flood
silk board bangalore alli building collapse aagide,building collapse
nh48 highway pe crime ho gaya,crime
mg road bangalore pe crime ho gaya,crime
hello there is a earthquake near nh48 highway,earthquake
kr market bangalore alli accident aagide,accident
accident near nh48 highway,accident
flood near whitefield bangalore,flood
fire near tumkur road,fire
high gas leak near mg road bangalore,gas leak
electronic city alli earthquake aagide,earthquake
low flood near nh48 highway,flood
gas leak near hebbal flyover one person injured,gas leak
mg road bangalore alli gas leak aagide,gas leak
low building collapse near nh48 highway,building collapse
gas leak near indiranagar metro station,gas leak
help gas leak happening at tumkur road,gas leak
hello there is a crime near tumkur road,crime
medium fire near kr market bangalore,fire
mg road bangalore pe flood ho gaya,flood
crime near hebbal flyover three people injured,crime
nh48 highway pe gas leak ho gaya,gas leak
nh48 highway pe building collapse ho gaya,building collapse
tumkur road pe gas leak ho gaya,gas leak
low building collapse near whitefield bangalore,building collapse
flood near silk board bangalore,flood
flood near indiranagar metro station several people injured,flood
high crime near electronic city,crime
nh48 highway pe fire ho gaya,fire
majestic bus stand alli accident aagide,accident
building collapse near electronic city two people injured,building collapse
kr market bangalore alli flood aagide,flood
help fire happening at majestic bus stand,fire
help crime happening at hebbal flyover,crime
help flood happening at indiranagar metro station,flood
mg road bangalore pe accident ho gaya,accident
silk board bangalore alli gas leak aagide,gas leak
medium flood near whitefield bangalore,flood
silk board bangalore alli accident aagide,accident
help earthquake happening at majestic bus stand,earthquake
hello there is a building collapse near whitefield bangalore,building collapse
high accident near silk board bangalore,accident
medium earthquake near hebbal flyover,earthquake
indiranagar metro station pe gas leak ho gaya,gas leak
kr market bangalore alli fire aagide,fire
help building collapse happening at whitefield bangalore,building collapse
high accident near electronic city,accident
hello there is a gas leak near indiranagar metro station,gas leak
mg road bangalore alli flood aagide,flood
accident near nh48 highway several people injured,accident
help fire happening at hebbal flyover,fire
indiranagar metro station alli building collapse aagide,building collapse
building collapse near silk board bangalore,building collapse
kr market bangalore pe flood ho gaya,flood
hebbal flyover alli earthquake aagide,earthquake
building collapse near nh48 highway,building collapse
majestic bus stand pe crime ho gaya,crime
help fire happening at mg road bangalore,fire
building collapse near majestic bus stand,building collapse
nh48 highway pe building collapse ho gaya,building collapse
gas leak near electronic city,gas leak
help accident happening at kr market bangalore,accident
crime near hebbal flyover,crime
accident near silk board bangalore two people injured,accident
medium flood near hebbal flyover,flood
accident near kr market bangalore,accident
building collapse near nh48 highway,building collapse
help earthquake happening at whitefield bangalore,earthquake
hello there is a accident near hebbal flyover,accident
medium accident near majestic bus stand,accident
earthquake near nh48 highway two people injured,earthquake
help fire happening at silk board bangalore,fire
fire near indiranagar metro station,fire
nh48 highway pe earthquake ho gaya,earthquake
low building collapse near hebbal flyover,building collapse
high fire near indiranagar metro station,fire
kr market bangalore pe fire ho gaya,fire
electronic city pe accident ho gaya,accident
high earthquake near kr market bangalore,earthquake
help earthquake happening at mg road bangalore,earthquake
mg road bangalore pe accident ho gaya,accident
help gas leak happening at tumkur road,gas leak
whitefield bangalore pe earthquake ho gaya,earthquake
hebbal flyover pe fire ho gaya,fire
accident near electronic city,accident
high gas leak near mg road bangalore,gas leak
whitefield bangalore alli accident aagide,accident
medium gas leak near silk board bangalore,gas leak
hello there is a earthquake near kr market bangalore,earthquake
tumkur road pe gas leak ho gaya,gas leak
medium flood near kr market bangalore,flood
help gas leak happening at mg road bangalore,gas leak
indiranagar metro station pe fire ho gaya,fire
mg road bangalore alli gas leak aagide,gas leak
silk board bangalore alli fire aagide,fire
help flood happening at majestic bus stand,flood
hello there is a building collapse near silk board bangalore,building collapse
whitefield bangalore pe accident ho gaya,accident
whitefield bangalore pe crime ho gaya,crime
high accident near majestic bus stand,accident
kr market bangalore pe flood ho gaya,flood
indiranagar metro station pe accident ho gaya,accident
help crime happening at electronic city,crime
whitefield bangalore alli fire aagide,fire
hello there is a building collapse near kr market bangalore,building collapse
crime near electronic city,crime
accident near silk board bangalore,accident
crime near indiranagar metro station,crime
low flood near tumkur road,flood
medium earthquake near indiranagar metro station,earthquake
accident near electronic city one person injured,accident
hello there is a building collapse near tumkur road,building collapse
low gas leak near indiranagar metro station,gas leak
help crime happening at mg road bangalore,crime
whitefield bangalore pe earthquake ho gaya,earthquake
fire near silk board bangalore,fire
mg road bangalore pe gas leak ho gaya,gas leak
whitefield bangalore pe earthquake ho gaya,earthquake
earthquake near tumkur road several people injured,earthquake
accident near kr market bangalore,accident
indiranagar metro station alli flood aagide,flood
gas leak near silk board bangalore,gas leak
whitefield bangalore pe earthquake ho gaya,earthquake
whitefield bangalore pe fire ho gaya,fire
low fire near mg road bangalore,fire
accident near kr market bangalore,accident
tumkur road alli earthquake aagide,earthquake
hello there is a gas leak near silk board bangalore,gas leak
accident near electronic city three people injured,accident
hello there is a building collapse near kr market bangalore,building collapse
fire near mg road bangalore,fire
high flood near electronic city,flood
electronic city pe building collapse ho gaya,building collapse
tumkur road pe accident ho gaya,accident
high crime near hebbal flyover,crime
accident near majestic bus stand,accident
whitefield bangalore alli crime aagide,crime
building collapse near whitefield bangalore,building collapse
low building collapse near indiranagar metro station,building collapse
earthquake near electronic city,earthquake
indiranagar metro station pe flood ho gaya,flood
building collapse near electronic city,building collapse
hello there is a crime near tumkur road,crime
gas leak near kr market bangalore,gas leak
help gas leak happening at whitefield bangalore,gas leak
help building collapse happening at kr market bangalore,building collapse
kr market bangalore alli fire aagide,fire
flood near kr market bangalore,flood
indiranagar metro station alli accident aagide,accident
crime near tumkur road several people injured,crime
high building collapse near kr market bangalore,building collapse
tumkur road pe crime ho gaya,crime
building collapse near mg road bangalore,building collapse
tumkur road pe building collapse ho gaya,building collapse
electronic city pe gas leak ho gaya,gas leak
help building collapse happening at whitefield bangalore,building collapse
hello there is a earthquake near silk board bangalore,earthquake
high flood near kr market bangalore,flood
hebbal flyover alli earthquake aagide,earthquake
medium building collapse near indiranagar metro station,building collapse
mg road bangalore pe flood ho gaya,flood
accident near tumkur road,accident
help building collapse happening at kr market bangalore,building collapse
fire near whitefield bangalore,fire
crime near hebbal flyover,crime
kr market bangalore pe fire ho gaya,fire
tumkur road pe flood ho gaya,flood
hello there is a gas leak near whitefield bangalore,gas leak
hello there is a building collapse near kr market bangalore,building collapse
help crime happening at majestic bus stand,crime
medium earthquake near hebbal flyover,earthquake
high building collapse near silk board bangalore,building collapse
gas leak near majestic bus stand,gas leak
low accident near whitefield bangalore,accident
silk board bangalore pe earthquake ho gaya,earthquake
hello there is a gas leak near whitefield bangalore,gas leak
help building collapse happening at indiranagar metro station,building collapse
hello there is a accident near indiranagar metro station,accident
tumkur road alli flood aagide,flood
medium fire near majestic bus stand,fire
flood near mg road bangalore two people injured,flood
earthquake near silk board bangalore,earthquake
mg road bangalore alli crime aagide,crime
nh48 highway pe flood ho gaya,flood
hello there is a fire near hebbal flyover,fire
indiranagar metro station pe earthquake ho gaya,earthquake
kr market bangalore alli gas leak aagide,gas leak
flood near whitefield bangalore,flood
silk board bangalore pe gas leak ho gaya,gas leak
earthquake near kr market bangalore,earthquake
hello there is a accident near kr market bangalore,accident
gas leak near nh48 highway,gas leak
mg road bangalore pe gas leak ho gaya,gas leak
hello there is a fire near silk board bangalore,fire
high gas leak near mg road bangalore,gas leak
low building collapse near tumkur road,building collapse
help earthquake happening at indiranagar metro station,earthquake
indiranagar metro station alli gas leak aagide,gas leak
flood near nh48 highway three people injured,flood
majestic bus stand pe earthquake ho gaya,earthquake
medium gas leak near tumkur road,gas leak
electronic city alli gas leak aagide,gas leak
whitefield bangalore pe accident ho gaya,accident
accident near whitefield bangalore,accident
help flood happening at silk board bangalore,flood
tumkur road pe fire ho gaya,fire
hello there is a earthquake near whitefield bangalore,earthquake
medium crime near tumkur road,crime
kr market bangalore pe accident ho gaya,accident
whitefield bangalore alli crime aagide,crime
medium accident near electronic city,accident
mg road bangalore alli crime aagide,crime
crime near tumkur road several people injured,crime
help gas leak happening at silk board bangalore,gas leak
electronic city alli fire aagide,fire
crime near indiranagar metro station one person injured,crime
crime near majestic bus stand,crime
fire near hebbal flyover two people injured,fire
silk board bangalore alli crime aagide,crime
silk board bangalore pe gas leak ho gaya,gas leak
earthquake near silk board bangalore,earthquake
high building collapse near indiranagar metro station,building collapse
indiranagar metro station pe gas leak ho gaya,gas leak
help earthquake happening at silk board bangalore,earthquake
hello there is a flood near indiranagar metro station,flood
hello there is a flood near whitefield bangalore,flood
crime near electronic city,crime
crime near silk board bangalore,crime
help building collapse happening at kr market bangalore,building collapse
kr market bangalore pe fire ho gaya,fire
hello there is a gas leak near majestic bus stand,gas leak
help accident happening at electronic city,accident
hello there is a flood near indiranagar metro station,flood
crime near indiranagar metro station two people injured,crime
building collapse near silk board bangalore,building collapse
hello there is a accident near majestic bus stand,accident
mg road bangalore alli flood aagide,flood
fire near kr market bangalore,fire
kr market bangalore alli fire aagide,fire
low gas leak near mg road bangalore,gas leak
low earthquake near nh48 highway,earthquake
hello there is a crime near mg road bangalore,crime
hello there is a fire near silk board bangalore,fire
fire near tumkur road,fire
hello there is a building collapse near majestic bus stand,building collapse
accident near tumkur road,accident
hello there is a flood near majestic bus stand,flood
fire near kr market bangalore,fire
crime near mg road bangalore three people injured,crime
medium earthquake near hebbal flyover,earthquake
hello there is a gas leak near tumkur road,gas leak
accident near tumkur road one person injured,accident
help building collapse happening at indiranagar metro station,building collapse
electronic city alli earthquake aagide,earthquake
medium crime near whitefield bangalore,crime
electronic city pe building collapse ho gaya,building collapse
help earthquake happening at electronic city,earthquake
earthquake near indiranagar metro station three people injured,earthquake
silk board bangalore alli building collapse aagide,building collapse
high accident near nh48 highway,accident
low earthquake near electronic city,earthquake
help fire happening at hebbal flyover,fire
majestic bus stand alli building collapse aagide,building collapse
hebbal flyover pe earthquake ho gaya,earthquake
indiranagar metro station alli gas leak aagide,gas leak
silk board bangalore alli flood aagide,flood
low accident near majestic bus stand,accident
accident near nh48 highway one person injured,accident
crime near indiranagar metro station two people injured,crime
kr market bangalore alli building collapse aagide,building collapse
earthquake near majestic bus stand,earthquake
accident near indiranagar metro station,accident
majestic bus stand pe building collapse ho gaya,building collapse
mg road bangalore pe gas leak ho gaya,gas leak
low gas leak near majestic bus stand,gas leak
flood near kr market bangalore,flood
hello there is a crime near nh48 highway,crime
help earthquake happening at mg road bangalore,earthquake
hello there is a fire near electronic city,fire
tumkur road pe fire ho gaya,fire
help earthquake happening at mg road bangalore,earthquake
help flood happening at silk board bangalore,flood
majestic bus stand alli fire aagide,fire
hello there is a fire near silk board bangalore,fire
kr market bangalore alli gas leak aagide,gas leak
gas leak near whitefield bangalore two people injured,gas leak
help gas leak happening at majestic bus stand,gas leak
gas leak near whitefield bangalore three people injured,gas leak
hello there is a earthquake near whitefield bangalore,earthquake
electronic city pe gas leak ho gaya,gas leak
help fire happening at indiranagar metro station,fire
electronic city alli building collapse aagide,building collapse
help crime happening at electronic city,crime
earthquake near mg road bangalore,earthquake
hello there is a accident near whitefield bangalore,accident
hello there is a building collapse near nh48 highway,building collapse
accident near silk board bangalore three people injured,accident
fire near mg road bangalore,fire
whitefield bangalore pe crime ho gaya,crime
earthquake near mg road bangalore two people injured,earthquake
fire near majestic bus stand,fire
hebbal flyover pe gas leak ho gaya,gas leak
help building collapse happening at tumkur road,building collapse
kr market bangalore pe building collapse ho gaya,building collapse
building collapse near nh48 highway one person injured,building collapse
indiranagar metro station pe gas leak ho gaya,gas leak
low accident near mg road bangalore,accident
help flood happening at kr market bangalore,flood
tumkur road pe accident ho gaya,accident
tumkur road alli flood aagide,flood
help accident happening at whitefield bangalore,accident
hello there is a flood near indiranagar metro station,flood
help building collapse happening at kr market bangalore,building collapse
gas leak near hebbal flyover,gas leak
hello there is a flood near nh48 highway,flood
earthquake near kr market bangalore,earthquake
building collapse near mg road bangalore one person injured,building collapse
help fire happening at nh48 highway,fire
mg road bangalore alli crime aagide,crime
whitefield bangalore alli accident aagide,accident
hello there is a earthquake near hebbal flyover,earthquake
kr market bangalore pe accident ho gaya,accident
building collapse near electronic city,building collapse
fire near indiranagar metro station,fire
hello there is a earthquake near electronic city,earthquake
flood near kr market bangalore three people injured,flood
low accident near indiranagar metro station,accident
medium fire near kr market bangalore,fire
help earthquake happening at silk board bangalore,earthquake
kr market bangalore alli earthquake aagide,earthquake
high crime near silk board bangalore,crime
earthquake near majestic bus stand,earthquake
medium fire near majestic bus stand,fire
electronic city alli building collapse aagide,building collapse
high earthquake near indiranagar metro station,earthquake
mg road bangalore alli gas leak aagide,gas leak
help flood happening at silk board bangalore,flood
nh48 highway pe earthquake ho gaya,earthquake
tumkur road pe crime ho gaya,crime
fire near tumkur road one person injured,fire
silk board bangalore pe earthquake ho gaya,earthquake
hello there is a earthquake near electronic city,earthquake
kr market bangalore pe earthquake ho gaya,earthquake
silk board bangalore pe fire ho gaya,fire
hello there is a flood near mg road bangalore,flood
flood near nh48 highway,flood
hello there is a gas leak near hebbal flyover,gas leak
gas leak near tumkur road,gas leak
high building collapse near silk board bangalore,building collapse
help gas leak happening at tumkur road,gas leak
indiranagar metro station pe fire ho gaya,fire
gas leak near tumkur road,gas leak
nh48 highway alli flood aagide,flood
hello there is a flood near mg road bangalore,flood
majestic bus stand pe crime ho gaya,crime
indiranagar metro station alli building collapse aagide,building collapse
nh48 highway alli building collapse aagide,building collapse
medium accident near tumkur road,accident
kr market bangalore pe accident ho gaya,accident
help building collapse happening at indiranagar metro station,building collapse
flood near whitefield bangalore,flood
help flood happening at hebbal flyover,flood
low crime near kr market bangalore,crime
earthquake near silk board bangalore,earthquake
nh48 highway pe fire ho gaya,fire
flood near hebbal flyover three people injured,flood
indiranagar metro station alli crime aagide,crime
high building collapse near electronic city,building collapse
electronic city alli accident aagide,accident
help flood happening at nh48 highway,flood
flood near indiranagar metro station,flood
help earthquake happening at silk board bangalore,earthquake
nh48 highway pe building collapse ho gaya,building collapse
gas leak near tumkur road,gas leak
medium fire near hebbal flyover,fire
hebbal flyover alli accident aagide,accident
hello there is a flood near indiranagar metro station,flood
tumkur road alli accident aagide,accident
help building collapse happening at electronic city,building collapse
hello there is a crime near kr market bangalore,crime
low building collapse near nh48 highway,building collapse
hello there is a earthquake near mg road bangalore,earthquake
help flood happening at silk board bangalore,flood
mg road bangalore alli accident aagide,accident
mg road bangalore alli fire aagide,fire
medium earthquake near silk board bangalore,earthquake
low building collapse near silk board bangalore,building collapse
help accident happening at tumkur road,accident
earthquake near hebbal flyover two people injured,earthquake
help flood happening at whitefield bangalore,flood
high accident near whitefield bangalore,accident
nh48 highway alli accident aagide,accident
help fire happening at silk board bangalore,fire
hello there is a flood near hebbal flyover,flood
mg road bangalore alli earthquake aagide,earthquake
help gas leak happening at hebbal flyover,gas leak
silk board bangalore alli fire aagide,fire
gas leak near kr market bangalore,gas leak
high flood near whitefield bangalore,flood
high earthquake near kr market bangalore,earthquake
high gas leak near kr market bangalore,gas leak
gas leak near silk board bangalore,gas leak
flood near indiranagar metro station one person injured,flood
hello there is a flood near silk board bangalore,flood
electronic city pe flood ho gaya,flood
gas leak near electronic city,gas leak
accident near kr market bangalore,accident
nh48 highway pe crime ho gaya,crime
hello there is a flood near electronic city,flood
accident near kr market bangalore three people injured,accident
majestic bus stand alli fire aagide,fire
electronic city pe crime ho gaya,crime
medium earthquake near indiranagar metro station,earthquake
electronic city pe fire ho gaya,fire
earthquake near silk board bangalore,earthquake
hello there is a accident near electronic city,accident
whitefield bangalore alli building collapse aagide,building collapse
high building collapse near electronic city,building collapse
fire near mg road bangalore,fire
low building collapse near electronic city,building collapse
kr market bangalore alli gas leak aagide,gas leak
electronic city alli flood aagide,flood
hebbal flyover pe crime ho gaya,crime
help accident happening at silk board bangalore,accident
help gas leak happening at electronic city,gas leak
building collapse near silk board bangalore,building collapse
hello there is a crime near majestic bus stand,crime
medium flood near silk board bangalore,flood
earthquake near tumkur road,earthquake
crime near majestic bus stand two people injured,crime
majestic bus stand pe gas leak ho gaya,gas leak
help fire happening at kr market bangalore,fire
hello there is a earthquake near indiranagar metro station,earthquake
hello there is a accident near majestic bus stand,accident
whitefield bangalore alli building collapse aagide,building collapse
whitefield bangalore pe accident ho gaya,accident
high accident near kr market bangalore,accident
help crime happening at electronic city,crime
hello there is a flood near silk board bangalore,flood
help gas leak happening at majestic bus stand,gas leak
tumkur road pe fire ho gaya,fire
low flood near electronic city,flood
medium earthquake near hebbal flyover,earthquake
hello there is a building collapse near whitefield bangalore,building collapse
hello there is a building collapse near hebbal flyover,building collapse
whitefield bangalore pe earthquake ho gaya,earthquake
hello there is a gas leak near whitefield bangalore,gas leak
help fire happening at whitefield bangalore,fire
help building collapse happening at kr market bangalore,building collapse
gas leak near kr market bangalore,gas leak
accident near silk board bangalore,accident
help accident happening at electronic city,accident
hello there is a accident near majestic bus stand,accident
indiranagar metro station pe flood ho gaya,flood
accident near majestic bus stand,accident
nh48 highway pe fire ho gaya,fire
hello there is a building collapse near tumkur road,building collapse
gas leak near hebbal flyover,gas leak
help fire happening at nh48 highway,fire
hebbal flyover alli gas leak aagide,gas leak
hello there is a earthquake near indiranagar metro station,earthquake
crime near kr market bangalore,crime
low building collapse near kr market bangalore,building collapse
help crime happening at hebbal flyover,crime
fire near electronic city two people injured,fire
help flood happening at hebbal flyover,flood
medium building collapse near mg road bangalore,building collapse
whitefield bangalore alli earthquake aagide,earthquake
help fire happening at nh48 highway,fire
majestic bus stand pe earthquake ho gaya,earthquake
help flood happening at nh48 highway,flood
indiranagar metro station alli earthquake aagide,earthquake
hebbal flyover pe flood ho gaya,flood
high flood near tumkur road,flood
majestic bus stand pe accident ho gaya,accident
silk board bangalore alli accident aagide,accident
help earthquake happening at electronic city,earthquake
help building collapse happening at indiranagar metro station,building collapse
fire near kr market bangalore one person injured,fire
help crime happening at whitefield bangalore,crime
flood near silk board bangalore,flood
indiranagar metro station alli crime aagide,crime
help accident happening at kr market bangalore,accident
fire near tumkur road,fire
flood near kr market bangalore several people injured,flood
help flood happening at silk board bangalore,flood
flood near nh48 highway two people injured,flood
earthquake near silk board bangalore three people injured,earthquake
whitefield bangalore pe fire ho gaya,fire
crime near nh48 highway several people injured,crime
kr market bangalore pe crime ho gaya,crime
hello there is a fire near electronic city,fire
help fire happening at electronic city,fire
flood near mg road bangalore,flood
whitefield bangalore alli crime aagide,crime
flood near indiranagar metro station,flood
whitefield bangalore pe fire ho gaya,fire
flood near mg road bangalore two people injured,flood
help flood happening at silk board bangalore,flood
building collapse near tumkur road one person injured,building collapse
help building collapse happening at indiranagar metro station,building collapse
fire near nh48 highway,fire
whitefield bangalore alli flood aagide,flood
building collapse near silk board bangalore two people injured,building collapse
mg road bangalore alli building collapse aagide,building collapse
silk board bangalore alli fire aagide,fire
building collapse near nh48 highway several people injured,building collapse
whitefield bangalore alli flood aagide,flood
help fire happening at indiranagar metro station,fire
mg road bangalore pe accident ho gaya,accident
indiranagar metro station alli earthquake aagide,earthquake
high accident near silk board bangalore,accident
flood near silk board bangalore three people injured,flood
high crime near silk board bangalore,crime
hello there is a earthquake near tumkur road,earthquake
building collapse near indiranagar metro station,building collapse
kr market bangalore alli gas leak aagide,gas leak
medium gas leak near silk board bangalore,gas leak
crime near nh48 highway three people injured,crime
accident near electronic city,accident
whitefield bangalore pe fire ho gaya,fire
hello there is a accident near majestic bus stand,accident
indiranagar metro station pe building collapse ho gaya,building collapse
medium building collapse near mg road bangalore,building collapse
hello there is a flood near hebbal flyover,flood
low gas leak near indiranagar metro station,gas leak
help earthquake happening at indiranagar metro station,earthquake
help earthquake happening at kr market bangalore,earthquake
help accident happening at majestic bus stand,accident
mg road bangalore pe crime ho gaya,crime
gas leak near majestic bus stand,gas leak
hello there is a flood near nh48 highway,flood
fire near electronic city,fire
hello there is a building collapse near whitefield bangalore,building collapse
flood near kr market bangalore two people injured,flood
hello there is a fire near electronic city,fire
hello there is a accident near tumkur road,accident
fire near tumkur road,fire
flood near whitefield bangalore,flood
hello there is a gas leak near kr market bangalore,gas leak
gas leak near tumkur road,gas leak
mg road bangalore pe fire ho gaya,fire
silk board bangalore alli flood aagide,flood
building collapse near kr market bangalore,building collapse
hello there is a gas leak near majestic bus stand,gas leak
high accident near majestic bus stand,accident
indiranagar metro station alli gas leak aagide,gas leak
hebbal flyover pe flood ho gaya,flood
gas leak near silk board bangalore,gas leak
gas leak near kr market bangalore,gas leak
help building collapse happening at majestic bus stand,building collapse
indiranagar metro station alli crime aagide,crime
majestic bus stand pe gas leak ho gaya,gas leak
gas leak near tumkur road,gas leak
hello there is a earthquake near indiranagar metro station,earthquake
hello there is a earthquake near electronic city,earthquake
crime near kr market bangalore,crime
medium crime near silk board bangalore,crime
medium earthquake near kr market bangalore,earthquake
majestic bus stand pe flood ho gaya,flood
mg road bangalore pe earthquake ho gaya,earthquake
hello there is a flood near majestic bus stand,flood
medium flood near whitefield bangalore,flood
low crime near kr market bangalore,crime
help building collapse happening at whitefield bangalore,building collapse
indiranagar metro station pe earthquake ho gaya,earthquake
majestic bus stand pe crime ho gaya,crime
indiranagar metro station pe building collapse ho gaya,building collapse
indiranagar metro station pe crime ho gaya,crime
majestic bus stand pe gas leak ho gaya,gas leak
help building collapse happening at tumkur road,building collapse
help accident happening at hebbal flyover,accident
low earthquake near tumkur road,earthquake
help fire happening at tumkur road,fire
high gas leak near silk board bangalore,gas leak
crime near kr market bangalore two people injured,crime
flood near whitefield bangalore,flood
gas leak near majestic bus stand,gas leak
low accident near indiranagar metro station,accident
mg road bangalore alli accident aagide,accident
building collapse near whitefield bangalore,building collapse
help crime happening at silk board bangalore,crime
hello there is a crime near nh48 highway,crime
whitefield bangalore pe flood ho gaya,flood
low flood near kr market bangalore,flood
crime near silk board bangalore,crime
indiranagar metro station alli building collapse aagide,building collapse
help earthquake happening at electronic city,earthquake
fire near silk board bangalore,fire
crime near electronic city two people injured,crime
help gas leak happening at tumkur road,gas leak
majestic bus stand alli earthquake aagide,earthquake
medium crime near electronic city,crime
hello there is a flood near nh48 highway,flood
indiranagar metro station alli fire aagide,fire
high building collapse near whitefield bangalore,building collapse
low earthquake near whitefield bangalore,earthquake
help flood happening at kr market bangalore,flood
low crime near indiranagar metro station,crime
flood near electronic city several people injured,flood
hello there is a building collapse near silk board bangalore,building collapse
gas leak near silk board bangalore several people injured,gas leak
fire near hebbal flyover one person injured,fire
flood near hebbal flyover three people injured,flood
whitefield bangalore alli fire aagide,fire
hello there is a fire near tumkur road,fire
fire near kr market bangalore,fire
fire near majestic bus stand three people injured,fire
earthquake near kr market bangalore two people injured,earthquake
building collapse near kr market bangalore three people injured,building collapse
accident near indiranagar metro station three people injured,accident
hello there is a building collapse near electronic city,building collapse
help gas leak happening at indiranagar metro station,gas leak
whitefield bangalore pe gas leak ho gaya,gas leak
crime near whitefield bangalore two people injured,crime
tumkur road alli flood aagide,flood
earthquake near tumkur road,earthquake
hello there is a fire near indiranagar metro station,fire
accident near whitefield bangalore one person injured,accident
mg road bangalore alli building collapse aagide,building collapse
whitefield bangalore pe fire ho gaya,fire
hello there is a crime near whitefield bangalore,crime
gas leak near kr market bangalore,gas leak
fire near nh48 highway,fire
gas leak near silk board bangalore,gas leak
electronic city alli flood aagide,flood
electronic city alli fire aagide,fire
help gas leak happening at nh48 highway,gas leak
crime near electronic city,crime
electronic city pe accident ho gaya,accident
tumkur road pe fire ho gaya,fire
earthquake near silk board bangalore several people injured,earthquake
flood near majestic bus stand several people injured,flood
flood near electronic city several people injured,flood
help flood happening at tumkur road,flood
tumkur road pe building collapse ho gaya,building collapse
indiranagar metro station pe flood ho gaya,flood
tumkur road alli earthquake aagide,earthquake
hello there is a earthquake near nh48 highway,earthquake
tumkur road alli gas leak aagide,gas leak
help accident happening at tumkur road,accident
hello there is a crime near silk board bangalore,crime
kr market bangalore pe building collapse ho gaya,building collapse
help crime happening at indiranagar metro station,crime
kr market bangalore alli building collapse aagide,building collapse
gas leak near hebbal flyover three people injured,gas leak
gas leak near hebbal flyover several people injured,gas leak
gas leak near kr market bangalore,gas leak
kr market bangalore pe accident ho gaya,accident
fire near kr market bangalore one person injured,fire
building collapse near majestic bus stand,building collapse
earthquake near tumkur road two people injured,earthquake
low building collapse near kr market bangalore,building collapse
help gas leak happening at indiranagar metro station,gas leak
low flood near mg road bangalore,flood
hebbal flyover pe crime ho gaya,crime
flood near nh48 highway,flood
medium earthquake near nh48 highway,earthquake
indiranagar metro station pe earthquake ho gaya,earthquake
electronic city pe crime ho gaya,crime
flood near mg road bangalore,flood
building collapse near majestic bus stand,building collapse
gas leak near mg road bangalore,gas leak
electronic city pe accident ho gaya,accident
hello there is a fire near nh48 highway,fire
electronic city alli accident aagide,accident
tumkur road alli building collapse aagide,building collapse
help accident happening at hebbal flyover,accident
flood near tumkur road three people injured,flood
indiranagar metro station alli flood aagide,flood
hello there is a flood near whitefield bangalore,flood
fire near silk board bangalore,fire
hello there is a fire near electronic city,fire
high fire near indiranagar metro station,fire
electronic city pe crime ho gaya,crime
silk board bangalore alli building collapse aagide,building collapse
accident near hebbal flyover,accident
high fire near nh48 highway,fire
whitefield bangalore pe accident ho gaya,accident
medium building collapse near tumkur road,building collapse
building collapse near kr market bangalore,building collapse
building collapse near electronic city,building collapse
kr market bangalore pe building collapse ho gaya,building collapse
hello there is a fire near majestic bus stand,fire
building collapse near electronic city,building collapse
nh48 highway alli crime aagide,crime
flood near mg road bangalore several people injured,flood
low flood near silk board bangalore,flood
whitefield bangalore alli fire aagide,fire
high gas leak near majestic bus stand,gas leak
help flood happening at indiranagar metro station,flood
hello there is a accident near whitefield bangalore,accident
hello there is a accident near whitefield bangalore,accident
hello there is a gas leak near silk board bangalore,gas leak
medium earthquake near majestic bus stand,earthquake
low crime near indiranagar metro station,crime
fire near silk board bangalore three people injured,fire
electronic city alli accident aagide,accident
tumkur road alli accident aagide,accident
fire near silk board bangalore three people injured,fire
medium accident near nh48 highway,accident
crime near nh48 highway one person injured,crime
silk board bangalore alli flood aagide,flood
earthquake near silk board bangalore,earthquake
medium building collapse near hebbal flyover,building collapse
indiranagar metro station alli flood aagide,flood
help earthquake happening at tumkur road,earthquake
nh48 highway pe flood ho gaya,flood
building collapse near mg road bangalore,building collapse
tumkur road pe gas leak ho gaya,gas leak
fire near indiranagar metro station three people injured,fire
fire near tumkur road,fire
fire near nh48 highway,fire
gas leak near silk board bangalore two people injured,gas leak
kr market bangalore pe flood ho gaya,flood
help flood happening at majestic bus stand,flood
hello there is a earthquake near hebbal flyover,earthquake
tumkur road alli flood aagide,flood
low flood near nh48 highway,flood
help crime happening at tumkur road,crime
hello there is a fire near tumkur road,fire
silk board bangalore pe earthquake ho gaya,earthquake
electronic city alli accident aagide,accident
crime near tumkur road,crime
silk board bangalore pe crime ho gaya,crime
nh48 highway pe accident ho gaya,accident
tumkur road alli building collapse aagide,building collapse
low earthquake near mg road bangalore,earthquake
whitefield bangalore pe gas leak ho gaya,gas leak
hello there is a accident near hebbal flyover,accident
low earthquake near silk board bangalore,earthquake
gas leak near majestic bus stand,gas leak
gas leak near mg road bangalore,gas leak
hello there is a fire near majestic bus stand,fire
silk board bangalore alli flood aagide,flood
help fire happening at mg road bangalore,fire
hello there is a accident near tumkur road,accident
tumkur road alli earthquake aagide,earthquake
hello there is a gas leak near silk board bangalore,gas leak
indiranagar metro station pe building collapse ho gaya,building collapse
earthquake near silk board bangalore,earthquake
help fire happening at whitefield bangalore,fire
hello there is a flood near hebbal flyover,flood
crime near electronic city,crime
majestic bus stand alli earthquake aagide,earthquake
help accident happening at majestic bus stand,accident
crime near kr market bangalore three people injured,crime
crime near whitefield bangalore,crime
flood near whitefield bangalore two people injured,flood
medium crime near whitefield bangalore,crime
help gas leak happening at majestic bus stand,gas leak
hello there is a fire near silk board bangalore,fire
hello there is a crime near hebbal flyover,crime
medium flood near kr market bangalore,flood
flood near tumkur road,flood
help building collapse happening at majestic bus stand,building collapse
help fire happening at hebbal flyover,fire
low fire near mg road bangalore,fire
silk board bangalore pe flood ho gaya,flood
mg road bangalore alli accident aagide,accident
hebbal flyover pe crime ho gaya,crime
hebbal flyover pe accident ho gaya,accident
hello there is a crime near whitefield bangalore,crime
help flood happening at mg road bangalore,flood
silk board bangalore pe accident ho gaya,accident
help crime happening at majestic bus stand,crime
hello there is a earthquake near hebbal flyover,earthquake
fire near kr market bangalore,fire
fire near silk board bangalore,fire
whitefield bangalore alli earthquake aagide,earthquake
medium accident near silk board bangalore,accident
fire near hebbal flyover,fire
help flood happening at kr market bangalore,flood
whitefield bangalore alli flood aagide,flood
building collapse near majestic bus stand three people injured,building collapse
hello there is a crime near kr market bangalore,crime
fire near mg road bangalore,fire
fire near whitefield bangalore,fire
hello there is a crime near kr market bangalore,crime
medium gas leak near majestic bus stand,gas leak
hello there is a flood near majestic bus stand,flood
electronic city alli building collapse aagide,building collapse
accident near electronic city,accident
building collapse near whitefield bangalore three people injured,building collapse
hello there is a gas leak near mg road bangalore,gas leak
hello there is a crime near nh48 highway,crime
hebbal flyover pe building collapse ho gaya,building collapse
high earthquake near tumkur road,earthquake
gas leak near silk board bangalore several people injured,gas leak
mg road bangalore alli gas leak aagide,gas leak
low flood near kr market bangalore,flood
help earthquake happening at indiranagar metro station,earthquake
flood near hebbal flyover several people injured,flood
hebbal flyover alli gas leak aagide,gas leak
hello there is a crime near kr market bangalore,crime
crime near electronic city two people injured,crime
crime near tumkur road one person injured,crime
electronic city pe building collapse ho gaya,building collapse
nh48 highway pe flood ho gaya,flood
majestic bus stand pe building collapse ho gaya,building collapse
flood near majestic bus stand three people injured,flood
help crime happening at whitefield bangalore,crime
hello there is a earthquake near kr market bangalore,earthquake
flood near indiranagar metro station,flood
help gas leak happening at whitefield bangalore,gas leak
hello there is a earthquake near electronic city,earthquake
accident near majestic bus stand,accident
earthquake near kr market bangalore,earthquake
electronic city alli gas leak aagide,gas leak
hello there is a earthquake near indiranagar metro station,earthquake
tumkur road pe flood ho gaya,flood
flood near whitefield bangalore two people injured,flood
low accident near indiranagar metro station,accident
fire near electronic city several people injured,fire
whitefield bangalore pe flood ho gaya,flood
help fire happening at kr market bangalore,fire
help fire happening at indiranagar metro station,fire
building collapse near nh48 highway,building collapse
hello there is a crime near mg road bangalore,crime
hello there is a accident near kr market bangalore,accident
hebbal flyover pe fire ho gaya,fire
silk board bangalore alli crime aagide,crime
crime near hebbal flyover,crime
kr market bangalore pe accident ho gaya,accident
help crime happening at majestic bus stand,crime
whitefield bangalore alli crime aagide,crime
flood near kr market bangalore,flood
kr market bangalore pe crime ho gaya,crime
hello there is a gas leak near electronic city,gas leak
help flood happening at nh48 highway,flood
hello there is a crime near kr market bangalore,crime
crime near hebbal flyover,crime
kr market bangalore alli building collapse aagide,building collapse
earthquake near majestic bus stand several people injured,earthquake
earthquake near silk board bangalore one person injured,earthquake
silk board bangalore alli accident aagide,accident
kr market bangalore pe gas leak ho gaya,gas leak
electronic city pe flood ho gaya,flood
hello there is a accident near majestic bus stand,accident
help building collapse happening at mg road bangalore,building collapse
whitefield bangalore alli earthquake aagide,earthquake
help flood happening at nh48 highway,flood
help fire happening at hebbal flyover,fire
fire near nh48 highway,fire
accident near hebbal flyover,accident
hebbal flyover pe building collapse ho gaya,building collapse
kr market bangalore alli fire aagide,fire
whitefield bangalore alli crime aagide,crime
help building collapse happening at tumkur road,building collapse
nh48 highway alli fire aagide,fire
electronic city pe flood ho gaya,flood
help earthquake happening at nh48 highway,earthquake
low building collapse near majestic bus stand,building collapse
gas leak near silk board bangalore three people injured,gas leak
hello there is a flood near electronic city,flood
hello there is a earthquake near mg road bangalore,earthquake
hello there is a fire near indiranagar metro station,fire
whitefield bangalore pe earthquake ho gaya,earthquake
low gas leak near hebbal flyover,gas leak
gas leak near silk board bangalore,gas leak
building collapse near tumkur road one person injured,building collapse
whitefield bangalore pe crime ho gaya,crime
help flood happening at whitefield bangalore,flood
whitefield bangalore pe flood ho gaya,flood
hello there is a fire near electronic city,fire
help earthquake happening at indiranagar metro station,earthquake
help earthquake happening at whitefield bangalore,earthquake
crime near tumkur road two people injured,crime
hello there is a fire near electronic city,fire
accident near electronic city one person injured,accident
hebbal flyover pe earthquake ho gaya,earthquake
building collapse near whitefield bangalore,building collapse
gas leak near whitefield bangalore two people injured,gas leak
hello there is a building collapse near hebbal flyover,building collapse
high fire near mg road bangalore,fire
flood near whitefield bangalore,flood
earthquake near silk board bangalore,earthquake
silk board bangalore pe earthquake ho gaya,earthquake
medium accident near silk board bangalore,accident
help earthquake happening at majestic bus stand,earthquake
low crime near indiranagar metro station,crime
building collapse near majestic bus stand,building collapse
earthquake near mg road bangalore two people injured,earthquake
electronic city alli flood aagide,flood
crime near majestic bus stand several people injured,crime
fire near tumkur road one person injured,fire
kr market bangalore pe earthquake ho gaya,earthquake
help flood happening at nh48 highway,flood
help crime happening at nh48 highway,crime
gas leak near majestic bus stand,gas leak
help crime happening at silk board bangalore,crime
hello there is a earthquake near kr market bangalore,earthquake
accident near tumkur road several people injured,accident
earthquake near nh48 highway,earthquake
help accident happening at silk board bangalore,accident
crime near mg road bangalore two people injured,crime
hello there is a gas leak near hebbal flyover,gas leak
whitefield bangalore pe crime ho gaya,crime
gas leak near tumkur road,gas leak
kr market bangalore pe flood ho gaya,flood
nh48 highway alli flood aagide,flood
flood near whitefield bangalore one person injured,flood
crime near mg road bangalore,crime
hello there is a gas leak near indiranagar metro station,gas leak
indiranagar metro station pe crime ho gaya,crime
fire near whitefield bangalore one person injured,fire
hello there is a earthquake near whitefield bangalore,earthquake
hello there is a crime near tumkur road,crime
help earthquake happening at silk board bangalore,earthquake
low gas leak near majestic bus stand,gas leak
help earthquake happening at nh48 highway,earthquake
hello there is a accident near electronic city,accident
whitefield bangalore alli crime aagide,crime
mg road bangalore alli building collapse aagide,building collapse
whitefield bangalore pe earthquake ho gaya,earthquake
majestic bus stand pe fire ho gaya,fire
whitefield bangalore pe gas leak ho gaya,gas leak
kr market bangalore pe flood ho gaya,flood
nh48 highway pe earthquake ho gaya,earthquake
gas leak near hebbal flyover three people injured,gas leak
crime near hebbal flyover one person injured,crime
help accident happening at electronic city,accident
silk board bangalore pe accident ho gaya,accident
low building collapse near nh48 highway,building collapse
earthquake near kr market bangalore one person injured,earthquake
high gas leak near hebbal flyover,gas leak
low accident near nh48 highway,accident
hello there is a accident near kr market bangalore,accident
help gas leak happening at kr market bangalore,gas leak
kr market bangalore pe fire ho gaya,fire
building collapse near electronic city two people injured,building collapse
kr market bangalore alli building collapse aagide,building collapse
mg road bangalore alli fire aagide,fire
crime near tumkur road two people injured,crime
low accident near silk board bangalore,accident
low accident near whitefield bangalore,accident
fire near hebbal flyover,fire
medium flood near hebbal flyover,flood
medium flood near whitefield bangalore,flood
silk board bangalore alli crime aagide,crime
kr market bangalore pe gas leak ho gaya,gas leak
earthquake near whitefield bangalore,earthquake
help building collapse happening at mg road bangalore,building collapse
help building collapse happening at kr market bangalore,building collapse
crime near majestic bus stand,crime
gas leak near hebbal flyover,gas leak
hello there is a crime near kr market bangalore,crime
hebbal flyover alli earthquake aagide,earthquake
low fire near kr market bangalore,fire
hello there is a gas leak near mg road bangalore,gas leak
electronic city pe gas leak ho gaya,gas leak
mg road bangalore pe building collapse ho gaya,building collapse
help accident happening at tumkur road,accident
accident near whitefield bangalore,accident
crime near tumkur road,crime
high accident near indiranagar metro station,accident
accident near indiranagar metro station,accident
help flood happening at tumkur road,flood
electronic city pe crime ho gaya,crime
silk board bangalore pe flood ho gaya,flood
earthquake near silk board bangalore three people injured,earthquake
help flood happening at silk board bangalore,flood
hello there is a earthquake near nh48 highway,earthquake
indiranagar metro station pe crime ho gaya,crime
gas leak near nh48 highway,gas leak
silk board bangalore alli gas leak aagide,gas leak
low earthquake near indiranagar metro station,earthquake
accident near nh48 highway,accident
whitefield bangalore alli gas leak aagide,gas leak
earthquake near tumkur road one person injured,earthquake
high earthquake near tumkur road,earthquake
high fire near tumkur road,fire
gas leak near hebbal flyover three people injured,gas leak
hello there is a building collapse near electronic city,building collapse
hello there is a building collapse near nh48 highway,building collapse
medium gas leak near kr market bangalore,gas leak
flood near whitefield bangalore,flood
majestic bus stand pe fire ho gaya,fire
indiranagar metro station pe fire ho gaya,fire
gas leak near tumkur road,gas leak
gas leak near electronic city,gas leak
low flood near tumkur road,flood
hebbal flyover pe gas leak ho gaya,gas leak
earthquake near tumkur road,earthquake
help crime happening at tumkur road,crime
medium fire near silk board bangalore,fire
tumkur road alli accident aagide,accident
silk board bangalore alli accident aagide,accident
low crime near kr market bangalore,crime
hello there is a earthquake near tumkur road,earthquake
mg road bangalore pe building collapse ho gaya,building collapse
gas leak near mg road bangalore,gas leak
silk board bangalore alli earthquake aagide,earthquake
hello there is a flood near kr market bangalore,flood
crime near tumkur road,crime
kr market bangalore alli crime aagide,crime
earthquake near majestic bus stand,earthquake
gas leak near tumkur road three people injured,gas leak
gas leak near nh48 highway three people injured,gas leak
flood near mg road bangalore three people injured,flood
building collapse near hebbal flyover,building collapse
tumkur road pe accident ho gaya,accident
help building collapse happening at nh48 highway,building collapse
crime near majestic bus stand two people injured,crime
help earthquake happening at whitefield bangalore,earthquake
hello there is a earthquake near electronic city,earthquake
hello there is a crime near nh48 highway,crime
tumkur road pe crime ho gaya,crime
medium flood near tumkur road,flood
hello there is a building collapse near indiranagar metro station,building collapse
low gas leak near electronic city,gas leak
fire near majestic bus stand one person injured,fire
high gas leak near whitefield bangalore,gas leak
whitefield bangalore alli building collapse aagide,building collapse
hello there is a fire near electronic city,fire
hello there is a building collapse near majestic bus stand,building collapse
hebbal flyover alli fire aagide,fire
low flood near whitefield bangalore,flood
kr market bangalore alli accident aagide,accident
fire near indiranagar metro station three people injured,fire
nh48 highway pe accident ho gaya,accident
electronic city alli fire aagide,fire
majestic bus stand alli crime aagide,crime
accident near kr market bangalore several people injured,accident
silk board bangalore alli building collapse aagide,building collapse
medium gas leak near kr market bangalore,gas leak
gas leak near mg road bangalore one person injured,gas leak
earthquake near electronic city two people injured,earthquake
hello there is a fire near hebbal flyover,fire
gas leak near tumkur road,gas leak
building collapse near kr market bangalore,building collapse
help crime happening at majestic bus stand,crime
whitefield bangalore pe fire ho gaya,fire
help flood happening at indiranagar metro station,flood
nh48 highway alli accident aagide,accident
hello there is a crime near indiranagar metro station,crime
indiranagar metro station pe flood ho gaya,flood
medium fire near nh48 highway,fire
hebbal flyover pe flood ho gaya,flood
flood near mg road bangalore one person injured,flood
high crime near tumkur road,crime
flood near nh48 highway,flood
crime near mg road bangalore two people injured,crime
accident near indiranagar metro station,accident
hello there is a earthquake near electronic city,earthquake
tumkur road alli crime aagide,crime
hebbal flyover pe flood ho gaya,flood
hello there is a earthquake near kr market bangalore,earthquake
help crime happening at hebbal flyover,crime
help building collapse happening at indiranagar metro station,building collapse
whitefield bangalore pe earthquake ho gaya,earthquake
fire near nh48 highway,fire
hello there is a building collapse near mg road bangalore,building collapse
accident near hebbal flyover one person injured,accident
majestic bus stand pe earthquake ho gaya,earthquake
hebbal flyover alli gas leak aagide,gas leak
hello there is a flood near nh48 highway,flood
kr market bangalore alli earthquake aagide,earthquake
crime near hebbal flyover one person injured,crime
help building collapse happening at electronic city,building collapse
help accident happening at indiranagar metro station,accident
help flood happening at silk board bangalore,flood
help building collapse happening at tumkur road,building collapse
building collapse near indiranagar metro station one person injured,building collapse
hello there is a crime near nh48 highway,crime
building collapse near silk board bangalore,building collapse
kr market bangalore pe crime ho gaya,crime
high earthquake near nh48 highway,earthquake
majestic bus stand pe fire ho gaya,fire
kr market bangalore alli building collapse aagide,building collapse
help building collapse happening at kr market bangalore,building collapse
silk board bangalore alli earthquake aagide,earthquake
flood near kr market bangalore several people injured,flood
tumkur road alli flood aagide,flood
help crime happening at electronic city,crime
help accident happening at tumkur road,accident
help crime happening at tumkur road,crime
hello there is a building collapse near tumkur road,building collapse
majestic bus stand alli accident aagide,accident
help crime happening at majestic bus stand,crime
medium gas leak near kr market bangalore,gas leak
earthquake near kr market bangalore several people injured,earthquake
accident near electronic city,accident
hebbal flyover pe accident ho gaya,accident
hebbal flyover pe accident ho gaya,accident
hello there is a fire near kr market bangalore,fire
crime near nh48 highway two people injured,crime
accident near indiranagar metro station two people injured,accident
indiranagar metro station pe gas leak ho gaya,gas leak
hebbal flyover alli fire aagide,fire
building collapse near kr market bangalore,building collapse
help gas leak happening at tumkur road,gas leak
hello there is a building collapse near majestic bus stand,building collapse
earthquake near mg road bangalore,earthquake
hello there is a gas leak near nh48 highway,gas leak
tumkur road pe fire ho gaya,fire
hello there is a gas leak near tumkur road,gas leak
hello there is a flood near hebbal flyover,flood
hello there is a gas leak near mg road bangalore,gas leak
accident near whitefield bangalore three people injured,accident
hello there is a building collapse near tumkur road,building collapse
whitefield bangalore pe fire ho gaya,fire
silk board bangalore pe fire ho gaya,fire
help flood happening at majestic bus stand,flood
crime near kr market bangalore one person injured,crime
building collapse near tumkur road several people injured,building collapse
high building collapse near kr market bangalore,building collapse
mg road bangalore alli accident aagide,accident
accident near mg road bangalore several people injured,accident
hello there is a fire near silk board bangalore,fire
silk board bangalore alli building collapse aagide,building collapse
tumkur road pe building collapse ho gaya,building collapse
hebbal flyover pe fire ho gaya,fire
mg road bangalore pe earthquake ho gaya,earthquake
medium gas leak near silk board bangalore,gas leak
electronic city alli fire aagide,fire
tumkur road pe gas leak ho gaya,gas leak
hebbal flyover pe accident ho gaya,accident
whitefield bangalore pe earthquake ho gaya,earthquake
fire near kr market bangalore,fire
crime near kr market bangalore several people injured,crime
building collapse near electronic city two people injured,building collapse
hebbal flyover alli accident aagide,accident
nh48 highway alli earthquake aagide,earthquake
hebbal flyover pe accident ho gaya,accident
mg road bangalore alli accident aagide,accident
mg road bangalore alli building collapse aagide,building collapse
majestic bus stand pe gas leak ho gaya,gas leak
medium earthquake near hebbal flyover,earthquake
hello there is a gas leak near indiranagar metro station,gas leak
electronic city pe building collapse ho gaya,building collapse
accident near electronic city,accident
help crime happening at hebbal flyover,crime
majestic bus stand pe crime ho gaya,crime
help fire happening at electronic city,fire
medium earthquake near nh48 highway,earthquake
earthquake near hebbal flyover,earthquake
kr market bangalore alli earthquake aagide,earthquake
hello there is a fire near indiranagar metro station,fire
accident near mg road bangalore,accident
accident near hebbal flyover,accident
gas leak near indiranagar metro station,gas leak
low earthquake near tumkur road,earthquake
flood near indiranagar metro station two people injured,flood
crime near tumkur road one person injured,crime
hello there is a accident near majestic bus stand,accident
low crime near majestic bus stand,crime
crime near mg road bangalore two people injured,crime
crime near mg road bangalore,crime
silk board bangalore alli crime aagide,crime
help building collapse happening at tumkur road,building collapse
hebbal flyover pe flood ho gaya,flood
hello there is a building collapse near indiranagar metro station,building collapse
whitefield bangalore alli flood aagide,flood
gas leak near whitefield bangalore,gas leak
mg road bangalore alli accident aagide,accident
fire near hebbal flyover,fire
low flood near hebbal flyover,flood
accident near kr market bangalore one person injured,accident
building collapse near indiranagar metro station,building collapse
tumkur road pe fire ho gaya,fire
gas leak near hebbal flyover several people injured,gas leak
hebbal flyover pe fire ho gaya,fire
help crime happening at indiranagar metro station,crime
building collapse near silk board bangalore,building collapse
help fire happening at kr market bangalore,fire
kr market bangalore pe crime ho gaya,crime
help gas leak happening at silk board bangalore,gas leak
indiranagar metro station alli accident aagide,accident
help fire happening at tumkur road,fire
help building collapse happening at hebbal flyover,building collapse
gas leak near electronic city,gas leak
building collapse near kr market bangalore two people injured,building collapse
help accident happening at whitefield bangalore,accident
building collapse near silk board bangalore,building collapse
low fire near nh48 highway,fire
building collapse near silk board bangalore several people injured,building collapse
hebbal flyover alli earthquake aagide,earthquake
indiranagar metro station alli earthquake aagide,earthquake
hello there is a building collapse near silk board bangalore,building collapse
flood near indiranagar metro station two people injured,flood
kr market bangalore pe earthquake ho gaya,earthquake
hello there is a gas leak near majestic bus stand,gas leak
hebbal flyover pe earthquake ho gaya,earthquake
kr market bangalore pe crime ho gaya,crime
low building collapse near electronic city,building collapse
hello there is a flood near nh48 highway,flood
earthquake near electronic city,earthquake
majestic bus stand pe building collapse ho gaya,building collapse
help gas leak happening at kr market bangalore,gas leak
fire near majestic bus stand,fire
medium flood near silk board bangalore,flood
hebbal flyover alli accident aagide,accident
kr market bangalore alli earthquake aagide,earthquake
medium earthquake near majestic bus stand,earthquake
whitefield bangalore pe accident ho gaya,accident
hello there is a crime near hebbal flyover,crime
medium earthquake near silk board bangalore,earthquake
indiranagar metro station pe crime ho gaya,crime
fire near hebbal flyover one person injured,fire
help gas leak happening at electronic city,gas leak
kr market bangalore pe earthquake ho gaya,earthquake
earthquake near silk board bangalore three people injured,earthquake
flood near indiranagar metro station,flood
building collapse near whitefield bangalore,building collapse
kr market bangalore alli earthquake aagide,earthquake
accident near hebbal flyover several people injured,accident
tumkur road alli gas leak aagide,gas leak
indiranagar metro station pe building collapse ho gaya,building collapse
silk board bangalore alli earthquake aagide,earthquake
whitefield bangalore alli gas leak aagide,gas leak
gas leak near nh48 highway several people injured,gas leak
help earthquake happening at kr market bangalore,earthquake
electronic city alli gas leak aagide,gas leak
hello there is a crime near nh48 highway,crime
gas leak near indiranagar metro station two people injured,gas leak
help fire happening at kr market bangalore,fire
hello there is a earthquake near nh48 highway,earthquake
silk board bangalore pe gas leak ho gaya,gas leak
hello there is a crime near majestic bus stand,crime
help building collapse happening at kr market bangalore,building collapse
hebbal flyover pe earthquake ho gaya,earthquake
silk board bangalore pe gas leak ho gaya,gas leak
low flood near hebbal flyover,flood
nh48 highway alli flood aagide,flood
tumkur road pe building collapse ho gaya,building collapse
nh48 highway alli gas leak aagide,gas leak
gas leak near kr market bangalore three people injured,gas leak
fire near tumkur road,fire
indiranagar metro station pe accident ho gaya,accident
hello there is a building collapse near nh48 highway,building collapse
low earthquake near nh48 highway,earthquake
help earthquake happening at mg road bangalore,earthquake
help crime happening at whitefield bangalore,crime
tumkur road pe accident ho gaya,accident
crime near mg road bangalore several people injured,crime
fire near silk board bangalore,fire
hello there is a gas leak near silk board bangalore,gas leak
hebbal flyover pe building collapse ho gaya,building collapse
whitefield bangalore alli gas leak aagide,gas leak
help earthquake happening at nh48 highway,earthquake
high building collapse near electronic city,building collapse
accident near indiranagar metro station several people injured,accident
accident near electronic city two people injured,accident
building collapse near hebbal flyover,building collapse
gas leak near electronic city,gas leak
gas leak near hebbal flyover,gas leak
building collapse near hebbal flyover,building collapse
whitefield bangalore alli accident aagide,accident
help building collapse happening at hebbal flyover,building collapse
hello there is a flood near mg road bangalore,flood
earthquake near indiranagar metro station,earthquake
low fire near whitefield bangalore,fire
help building collapse happening at nh48 highway,building collapse
medium flood near indiranagar metro station,flood
medium accident near kr market bangalore,accident
hello there is a earthquake near hebbal flyover,earthquake
building collapse near indiranagar metro station two people injured,building collapse
whitefield bangalore alli gas leak aagide,gas leak
electronic city pe fire ho gaya,fire
crime near silk board bangalore two people injured,crime
low building collapse near kr market bangalore,building collapse
low crime near indiranagar metro station,crime
earthquake near electronic city,earthquake
tumkur road alli earthquake aagide,earthquake
medium fire near silk board bangalore,fire
hello there is a flood near kr market bangalore,flood
hebbal flyover pe crime ho gaya,crime
hello there is a building collapse near electronic city,building collapse
fire near hebbal flyover,fire
majestic bus stand alli gas leak aagide,gas leak
help earthquake happening at whitefield bangalore,earthquake
help gas leak happening at tumkur road,gas leak
gas leak near whitefield bangalore two people injured,gas leak
hello there is a flood near hebbal flyover,flood
indiranagar metro station pe fire ho gaya,fire
building collapse near mg road bangalore,building collapse
hello there is a fire near nh48 highway,fire
mg road bangalore alli crime aagide,crime
accident near tumkur road three people injured,accident
hebbal flyover pe accident ho gaya,accident
building collapse near indiranagar metro station,building collapse
high flood near electronic city,flood
mg road bangalore pe gas leak ho gaya,gas leak
hello there is a gas leak near nh48 highway,gas leak
help accident happening at mg road bangalore,accident
low flood near tumkur road,flood
high flood near whitefield bangalore,flood
medium fire near hebbal flyover,fire
low accident near mg road bangalore,accident
crime near indiranagar metro station three people injured,crime
whitefield bangalore pe flood ho gaya,flood
nh48 highway pe gas leak ho gaya,gas leak
silk board bangalore alli earthquake aagide,earthquake
tumkur road alli flood aagide,flood
mg road bangalore alli crime aagide,crime
earthquake near nh48 highway three people injured,earthquake
accident near tumkur road one person injured,accident
low crime near mg road bangalore,crime
mg road bangalore alli earthquake aagide,earthquake
high crime near indiranagar metro station,crime
low accident near nh48 highway,accident
help fire happening at kr market bangalore,fire
help gas leak happening at mg road bangalore,gas leak
hello there is a gas leak near silk board bangalore,gas leak
earthquake near majestic bus stand,earthquake
earthquake near mg road bangalore,earthquake
high flood near nh48 highway,flood
high fire near hebbal flyover,fire
hello there is a flood near tumkur road,flood
high accident near majestic bus stand,accident
help gas leak happening at indiranagar metro station,gas leak
mg road bangalore pe earthquake ho gaya,earthquake
hello there is a fire near nh48 highway,fire
whitefield bangalore alli fire aagide,fire
majestic bus stand pe accident ho gaya,accident
building collapse near majestic bus stand,building collapse
high building collapse near electronic city,building collapse
majestic bus stand alli earthquake aagide,earthquake
flood near indiranagar metro station,flood
gas leak near mg road bangalore several people injured,gas leak
help gas leak happening at electronic city,gas leak
hello there is a crime near mg road bangalore,crime
majestic bus stand pe flood ho gaya,flood
hello there is a building collapse near electronic city,building collapse
accident near electronic city,accident
flood near nh48 highway two people injured,flood
mg road bangalore alli building collapse aagide,building collapse
hello there is a gas leak near kr market bangalore,gas leak
fire near mg road bangalore,fire
mg road bangalore pe flood ho gaya,flood
majestic bus stand pe accident ho gaya,accident
help accident happening at electronic city,accident
mg road bangalore alli gas leak aagide,gas leak
help building collapse happening at kr market bangalore,building collapse
majestic bus stand pe flood ho gaya,flood
hello there is a gas leak near whitefield bangalore,gas leak
nh48 highway alli gas leak aagide,gas leak
hello there is a crime near nh48 highway,crime
whitefield bangalore alli flood aagide,flood
electronic city alli gas leak aagide,gas leak
accident near silk board bangalore,accident
crime near majestic bus stand,crime
hello there is a crime near whitefield bangalore,crime
gas leak near silk board bangalore two people injured,gas leak
tumkur road alli fire aagide,fire
accident near majestic bus stand three people injured,accident
help accident happening at mg road bangalore,accident
electronic city alli gas leak aagide,gas leak
help gas leak happening at silk board bangalore,gas leak
accident near whitefield bangalore,accident
high fire near nh48 highway,fire
accident near electronic city two people injured,accident
crime near electronic city three people injured,crime
mg road bangalore pe crime ho gaya,crime
gas leak near silk board bangalore,gas leak
building collapse near hebbal flyover three people injured,building collapse
hello there is a earthquake near silk board bangalore,earthquake
hebbal flyover pe gas leak ho gaya,gas leak
hello there is a accident near kr market bangalore,accident
low accident near whitefield bangalore,accident
medium building collapse near hebbal flyover,building collapse
indiranagar metro station pe building collapse ho gaya,building collapse
kr market bangalore alli crime aagide,crime
majestic bus stand pe gas leak ho gaya,gas leak
hello there is a gas leak near electronic city,gas leak
medium earthquake near tumkur road,earthquake
building collapse near hebbal flyover,building collapse
majestic bus stand alli flood aagide,flood
high earthquake near kr market bangalore,earthquake
nh48 highway pe flood ho gaya,flood
help fire happening at tumkur road,fire
hello there is a fire near kr market bangalore,fire
hello there is a gas leak near hebbal flyover,gas leak
hello there is a accident near electronic city,accident
flood near whitefield bangalore several people injured,flood
hello there is a fire near hebbal flyover,fire
crime near nh48 highway,crime
hello there is a building collapse near silk board bangalore,building collapse
fire near majestic bus stand two people injured,fire
help fire happening at silk board bangalore,fire
hello there is a building collapse near silk board bangalore,building collapse
tumkur road alli gas leak aagide,gas leak
hello there is a crime near nh48 highway,crime
fire near indiranagar metro station,fire
indiranagar metro station alli fire aagide,fire
flood near indiranagar metro station three people injured,flood
accident near silk board bangalore three people injured,accident
hebbal flyover pe accident ho gaya,accident
flood near electronic city,flood
hello there is a crime near mg road bangalore,crime
high fire near whitefield bangalore,fire
help building collapse happening at electronic city,building collapse
silk board bangalore alli accident aagide,accident
help crime happening at nh48 highway,crime
earthquake near whitefield bangalore,earthquake
accident near majestic bus stand,accident
help building collapse happening at kr market bangalore,building collapse
high building collapse near hebbal flyover,building collapse
hello there is a earthquake near whitefield bangalore,earthquake
flood near nh48 highway several people injured,flood
flood near mg road bangalore,flood
building collapse near indiranagar metro station several people injured,building collapse
accident near whitefield bangalore,accident
help fire happening at silk board bangalore,fire
kr market bangalore alli accident aagide,accident
help accident happening at electronic city,accident
kr market bangalore pe earthquake ho gaya,earthquake
hello there is a fire near whitefield bangalore,fire
earthquake near kr market bangalore,earthquake
accident near silk board bangalore,accident
electronic city alli crime aagide,crime
medium earthquake near silk board bangalore,earthquake
hello there is a gas leak near kr market bangalore,gas leak
hello there is a earthquake near majestic bus stand,earthquake
indiranagar metro station alli gas leak aagide,gas leak
help crime happening at silk board bangalore,crime
mg road bangalore alli flood aagide,flood
crime near nh48 highway,crime
hello there is a gas leak near mg road bangalore,gas leak
medium crime near silk board bangalore,crime
hello there is a earthquake near nh48 highway,earthquake
mg road bangalore alli gas leak aagide,gas leak
silk board bangalore alli gas leak aagide,gas leak
silk board bangalore alli accident aagide,accident
crime near hebbal flyover three people injured,crime
help fire happening at tumkur road,fire
accident near silk board bangalore several people injured,accident
crime near majestic bus stand three people injured,crime
tumkur road pe building collapse ho gaya,building collapse
indiranagar metro station alli earthquake aagide,earthquake
help crime happening at kr market bangalore,crime
help flood happening at majestic bus stand,flood
medium fire near tumkur road,fire
help earthquake happening at silk board bangalore,earthquake
help fire happening at electronic city,fire
tumkur road pe earthquake ho gaya,earthquake
flood near majestic bus stand,flood
hello there is a earthquake near nh48 highway,earthquake
hello there is a gas leak near mg road bangalore,gas leak
hello there is a gas leak near majestic bus stand,gas leak
whitefield bangalore alli fire aagide,fire
mg road bangalore pe earthquake ho gaya,earthquake
whitefield bangalore pe gas leak ho gaya,gas leak
hello there is a earthquake near hebbal flyover,earthquake
flood near hebbal flyover,flood
accident near indiranagar metro station three people injured,accident
medium crime near majestic bus stand,crime
electronic city pe building collapse ho gaya,building collapse
indiranagar metro station alli accident aagide,accident
hello there is a fire near indiranagar metro station,fire
silk board bangalore pe earthquake ho gaya,earthquake
medium flood near mg road bangalore,flood
hebbal flyover pe fire ho gaya,fire
whitefield bangalore pe gas leak ho gaya,gas leak
mg road bangalore pe gas leak ho gaya,gas leak
flood near nh48 highway three people injured,flood
electronic city pe gas leak ho gaya,gas leak
hello there is a building collapse near whitefield bangalore,building collapse
nh48 highway pe crime ho gaya,crime
hello there is a building collapse near indiranagar metro station,building collapse
help fire happening at whitefield bangalore,fire
earthquake near electronic city one person injured,earthquake
tumkur road pe earthquake ho gaya,earthquake
low earthquake near whitefield bangalore,earthquake
building collapse near majestic bus stand,building collapse
low fire near mg road bangalore,fire
earthquake near nh48 highway three people injured,earthquake
majestic bus stand alli gas leak aagide,gas leak
tumkur road pe earthquake ho gaya,earthquake
electronic city alli accident aagide,accident
help flood happening at kr market bangalore,flood
building collapse near mg road bangalore,building collapse
silk board bangalore pe flood ho gaya,flood
indiranagar metro station pe gas leak ho gaya,gas leak
hello there is a gas leak near hebbal flyover,gas leak
mg road bangalore pe accident ho gaya,accident
high flood near kr market bangalore,flood
hello there is a crime near hebbal flyover,crime
electronic city alli building collapse aagide,building collapse
building collapse near kr market bangalore several people injured,building collapse
majestic bus stand pe gas leak ho gaya,gas leak
help crime happening at majestic bus stand,crime
help accident happening at whitefield bangalore,accident
indiranagar metro station alli flood aagide,flood
flood near mg road bangalore,flood
help earthquake happening at majestic bus stand,earthquake
earthquake near electronic city two people injured,earthquake
help accident happening at kr market bangalore,accident
whitefield bangalore pe flood ho gaya,flood
building collapse near tumkur road,building collapse
indiranagar metro station alli accident aagide,accident
hello there is a crime near majestic bus stand,crime
help accident happening at majestic bus stand,accident
hello there is a accident near electronic city,accident
low fire near kr market bangalore,fire
hello there is a flood near mg road bangalore,flood
help crime happening at indiranagar metro station,crime
high flood near indiranagar metro station,flood
hello there is a gas leak near majestic bus stand,gas leak
gas leak near whitefield bangalore,gas leak
silk board bangalore pe building collapse ho gaya,building collapse
building collapse near nh48 highway several people injured,building collapse
help earthquake happening at hebbal flyover,earthquake
silk board bangalore pe fire ho gaya,fire
building collapse near hebbal flyover three people injured,building collapse
hebbal flyover pe gas leak ho gaya,gas leak
gas leak near majestic bus stand three people injured,gas leak
kr market bangalore alli earthquake aagide,earthquake
building collapse near mg road bangalore,building collapse
fire near whitefield bangalore two people injured,fire
tumkur road alli flood aagide,flood
help building collapse happening at whitefield bangalore,building collapse
mg road bangalore alli accident aagide,accident
hebbal flyover pe earthquake ho gaya,earthquake
hello there is a accident near majestic bus stand,accident
kr market bangalore alli flood aagide,flood
earthquake near kr market bangalore,earthquake
medium accident near electronic city,accident
electronic city pe accident ho gaya,accident
help accident happening at indiranagar metro station,accident
hebbal flyover alli gas leak aagide,gas leak
accident near kr market bangalore,accident
help earthquake happening at electronic city,earthquake
low accident near nh48 highway,accident
low earthquake near tumkur road,earthquake
building collapse near majestic bus stand several people injured,building collapse
flood near electronic city,flood
silk board bangalore pe gas leak ho gaya,gas leak
help earthquake happening at tumkur road,earthquake
earthquake near indiranagar metro station,earthquake
electronic city alli fire aagide,fire
high flood near indiranagar metro station,flood
earthquake near indiranagar metro station,earthquake
building collapse near tumkur road,building collapse
high fire near silk board bangalore,fire
hello there is a building collapse near indiranagar metro station,building collapse
low fire near electronic city,fire
help earthquake happening at electronic city,earthquake
flood near electronic city,flood
earthquake near whitefield bangalore one person injured,earthquake
crime near whitefield bangalore one person injured,crime
kr market bangalore alli accident aagide,accident
fire near whitefield bangalore three people injured,fire
high fire near silk board bangalore,fire
majestic bus stand alli accident aagide,accident
low accident near indiranagar metro station,accident
hello there is a accident near kr market bangalore,accident
help crime happening at indiranagar metro station,crime
hebbal flyover alli gas leak aagide,gas leak
fire near indiranagar metro station,fire
hello there is a fire near hebbal flyover,fire
earthquake near tumkur road three people injured,earthquake
hebbal flyover pe gas leak ho gaya,gas leak
building collapse near majestic bus stand,building collapse
nh48 highway pe accident ho gaya,accident
gas leak near tumkur road,gas leak
electronic city alli earthquake aagide,earthquake
help accident happening at silk board bangalore,accident
medium building collapse near hebbal flyover,building collapse
majestic bus stand alli crime aagide,crime
medium flood near majestic bus stand,flood
hello there is a earthquake near tumkur road,earthquake
electronic city pe building collapse ho gaya,building collapse
low building collapse near nh48 highway,building collapse
hello there is a earthquake near electronic city,earthquake
flood near majestic bus stand,flood
hebbal flyover alli fire aagide,fire
mg road bangalore alli crime aagide,crime
high flood near tumkur road,flood
hello there is a gas leak near hebbal flyover,gas leak
mg road bangalore alli gas leak aagide,gas leak
silk board bangalore pe gas leak ho gaya,gas leak
indiranagar metro station alli building collapse aagide,building collapse
hello there is a flood near kr market bangalore,flood
whitefield bangalore alli fire aagide,fire
help crime happening at tumkur road,crime
kr market bangalore pe crime ho gaya,crime
majestic bus stand pe crime ho gaya,crime
high earthquake near indiranagar metro station,earthquake
hebbal flyover alli earthquake aagide,earthquake
earthquake near silk board bangalore two people injured,earthquake
hello there is a accident near hebbal flyover,accident
whitefield bangalore pe gas leak ho gaya,gas leak
crime near mg road bangalore two people injured,crime
building collapse near mg road bangalore two people injured,building collapse
hello there is a earthquake near silk board bangalore,earthquake
fire near hebbal flyover three people injured,fire
accident near silk board bangalore several people injured,accident
help gas leak happening at silk board bangalore,gas leak
help crime happening at indiranagar metro station,crime
gas leak near majestic bus stand several people injured,gas leak
silk board bangalore pe building collapse ho gaya,building collapse
crime near majestic bus stand three people injured,crime
gas leak near whitefield bangalore several people injured,gas leak
accident near whitefield bangalore,accident
gas leak near nh48 highway,gas leak
flood near silk board bangalore,flood
high gas leak near tumkur road,gas leak
tumkur road alli earthquake aagide,earthquake
indiranagar metro station pe flood ho gaya,flood
help fire happening at whitefield bangalore,fire
electronic city alli accident aagide,accident
earthquake near whitefield bangalore two people injured,earthquake
nh48 highway pe crime ho gaya,crime
flood near indiranagar metro station one person injured,flood
flood near mg road bangalore three people injured,flood
building collapse near tumkur road,building collapse
medium flood near majestic bus stand,flood
whitefield bangalore alli accident aagide,accident
building collapse near whitefield bangalore,building collapse
building collapse near whitefield bangalore,building collapse
earthquake near hebbal flyover three people injured,earthquake
high building collapse near indiranagar metro station,building collapse
indiranagar metro station alli flood aagide,flood
indiranagar metro station alli fire aagide,fire
earthquake near tumkur road,earthquake
crime near majestic bus stand three people injured,crime
majestic bus stand pe accident ho gaya,accident
hello there is a flood near silk board bangalore,flood
building collapse near whitefield bangalore,building collapse
earthquake near hebbal flyover,earthquake
high flood near majestic bus stand,flood
kr market bangalore pe crime ho gaya,crime
help crime happening at mg road bangalore,crime
help gas leak happening at nh48 highway,gas leak
nh48 highway alli fire aagide,fire
building collapse near silk board bangalore,building collapse
building collapse near indiranagar metro station,building collapse
fire near majestic bus stand two people injured,fire
earthquake near tumkur road two people injured,earthquake
medium earthquake near whitefield bangalore,earthquake
help crime happening at whitefield bangalore,crime
flood near hebbal flyover three people injured,flood
nh48 highway alli fire aagide,fire
medium building collapse near electronic city,building collapse
gas leak near kr market bangalore,gas leak
help building collapse happening at electronic city,building collapse
building collapse near hebbal flyover,building collapse
electronic city pe flood ho gaya,flood
crime near kr market bangalore several people injured,crime
nh48 highway pe building collapse ho gaya,building collapse
hello there is a gas leak near silk board bangalore,gas leak
low flood near silk board bangalore,flood
kr market bangalore pe crime ho gaya,crime
hello there is a building collapse near kr market bangalore,building collapse
flood near indiranagar metro station three people injured,flood
electronic city alli building collapse aagide,building collapse
accident near nh48 highway three people injured,accident
high fire near indiranagar metro station,fire
low fire near tumkur road,fire
help gas leak happening at indiranagar metro station,gas leak
crime near electronic city three people injured,crime
help crime happening at majestic bus stand,crime
hello there is a earthquake near mg road bangalore,earthquake
accident near nh48 highway,accident
hello there is a building collapse near indiranagar metro station,building collapse
hello there is a gas leak near majestic bus stand,gas leak
crime near mg road bangalore,crime
low flood near silk board bangalore,flood
crime near kr market bangalore,crime
indiranagar metro station alli accident aagide,accident
earthquake near indiranagar metro station several people injured,earthquake
mg road bangalore pe flood ho gaya,flood
silk board bangalore pe flood ho gaya,flood
tumkur road alli flood aagide,flood
fire near whitefield bangalore several people injured,fire
fire near whitefield bangalore,fire
hello there is a crime near nh48 highway,crime
help earthquake happening at nh48 highway,earthquake
hello there is a fire near hebbal flyover,fire
help accident happening at nh48 highway,accident
silk board bangalore pe fire ho gaya,fire
earthquake near hebbal flyover two people injured,earthquake
majestic bus stand pe gas leak ho gaya,gas leak
medium gas leak near majestic bus stand,gas leak
help fire happening at electronic city,fire
medium accident near electronic city,accident
hello there is a fire near tumkur road,fire
hello there is a crime near majestic bus stand,crime
kr market bangalore pe flood ho gaya,flood
silk board bangalore pe building collapse ho gaya,building collapse
majestic bus stand alli flood aagide,flood
hebbal flyover pe crime ho gaya,crime
fire near nh48 highway three people injured,fire
help flood happening at tumkur road,flood
nh48 highway pe flood ho gaya,flood
help crime happening at tumkur road,crime
hello there is a building collapse near electronic city,building collapse
mg road bangalore alli accident aagide,accident
fire near hebbal flyover,fire
high building collapse near mg road bangalore,building collapse
help gas leak happening at kr market bangalore,gas leak
hello there is a fire near nh48 highway,fire
help building collapse happening at electronic city,building collapse
silk board bangalore pe crime ho gaya,crime
gas leak near silk board bangalore,gas leak
tumkur road pe earthquake ho gaya,earthquake
earthquake near whitefield bangalore,earthquake
accident near mg road bangalore,accident
building collapse near majestic bus stand,building collapse
hello there is a accident near tumkur road,accident
help building collapse happening at kr market bangalore,building collapse
hebbal flyover pe building collapse ho gaya,building collapse
tumkur road alli crime aagide,crime
crime near whitefield bangalore,crime
low earthquake near nh48 highway,earthquake
hello there is a crime near whitefield bangalore,crime
medium flood near electronic city,flood
indiranagar metro station pe gas leak ho gaya,gas leak
gas leak near electronic city one person injured,gas leak
electronic city alli crime aagide,crime
electronic city alli earthquake aagide,earthquake
gas leak near kr market bangalore several people injured,gas leak
nh48 highway alli earthquake aagide,earthquake
low accident near indiranagar metro station,accident
hello there is a building collapse near kr market bangalore,building collapse
kr market bangalore alli earthquake aagide,earthquake
earthquake near silk board bangalore,earthquake
accident near whitefield bangalore three people injured,accident
help flood happening at hebbal flyover,flood
help earthquake happening at indiranagar metro station,earthquake
low fire near mg road bangalore,fire
hello there is a crime near whitefield bangalore,crime
flood near silk board bangalore,flood
hello there is a flood near electronic city,flood
silk board bangalore alli flood aagide,flood
silk board bangalore alli building collapse aagide,building collapse
fire near whitefield bangalore,fire
help building collapse happening at majestic bus stand,building collapse
majestic bus stand pe building collapse ho gaya,building collapse
fire near whitefield bangalore,fire
hello there is a flood near mg road bangalore,flood
accident near mg road bangalore one person injured,accident
fire near silk board bangalore,fire
crime near nh48 highway one person injured,crime
kr market bangalore pe earthquake ho gaya,earthquake
tumkur road alli earthquake aagide,earthquake
help earthquake happening at silk board bangalore,earthquake
indiranagar metro station alli accident aagide,accident
hello there is a earthquake near whitefield bangalore,earthquake
earthquake near kr market bangalore two people injured,earthquake
majestic bus stand pe crime ho gaya,crime
hello there is a earthquake near hebbal flyover,earthquake
earthquake near tumkur road,earthquake
silk board bangalore alli gas leak aagide,gas leak
high flood near mg road bangalore,flood
whitefield bangalore pe fire ho gaya,fire
building collapse near majestic bus stand two people injured,building collapse
electronic city alli fire aagide,fire
hello there is a gas leak near electronic city,gas leak
building collapse near hebbal flyover,building collapse
high accident near silk board bangalore,accident
nh48 highway alli gas leak aagide,gas leak
tumkur road pe flood ho gaya,flood
help accident happening at nh48 highway,accident
fire near electronic city,fire
nh48 highway alli flood aagide,flood
hello there is a earthquake near indiranagar metro station,earthquake
low crime near whitefield bangalore,crime
hello there is a accident near indiranagar metro station,accident
crime near mg road bangalore,crime
electronic city alli fire aagide,fire
crime near whitefield bangalore,crime
help earthquake happening at mg road bangalore,earthquake
hello there is a building collapse near indiranagar metro station,building collapse
help crime happening at silk board bangalore,crime
help fire happening at indiranagar metro station,fire
building collapse near majestic bus stand,building collapse
medium gas leak near nh48 highway,gas leak
mg road bangalore pe gas leak ho gaya,gas leak
building collapse near mg road bangalore three people injured,building collapse
medium flood near nh48 highway,flood
indiranagar metro station pe earthquake ho gaya,earthquake
help earthquake happening at majestic bus stand,earthquake
electronic city alli flood aagide,flood
help accident happening at mg road bangalore,accident
indiranagar metro station alli fire aagide,fire
help building collapse happening at hebbal flyover,building collapse
hello there is a accident near tumkur road,accident
tumkur road pe building collapse ho gaya,building collapse
fire near majestic bus stand,fire
building collapse near tumkur road several people injured,building collapse
help crime happening at indiranagar metro station,crime
mg road bangalore pe fire ho gaya,fire
earthquake near majestic bus stand,earthquake
tumkur road alli accident aagide,accident
electronic city pe gas leak ho gaya,gas leak
help building collapse happening at mg road bangalore,building collapse
gas leak near majestic bus stand three people injured,gas leak
hello there is a gas leak near majestic bus stand,gas leak
hello there is a crime near tumkur road,crime
help gas leak happening at whitefield bangalore,gas leak
low fire near silk board bangalore,fire
accident near silk board bangalore several people injured,accident
fire near indiranagar metro station,fire
whitefield bangalore alli accident aagide,accident
hello there is a building collapse near whitefield bangalore,building collapse
mg road bangalore alli accident aagide,accident
building collapse near indiranagar metro station two people injured,building collapse
indiranagar metro station pe accident ho gaya,accident
building collapse near majestic bus stand three people injured,building collapse
low crime near kr market bangalore,crime
fire near hebbal flyover,fire
nh48 highway alli earthquake aagide,earthquake
whitefield bangalore pe accident ho gaya,accident
nh48 highway alli earthquake aagide,earthquake
fire near mg road bangalore,fire
help earthquake happening at indiranagar metro station,earthquake
crime near mg road bangalore,crime
low earthquake near mg road bangalore,earthquake
help fire happening at tumkur road,fire
building collapse near mg road bangalore three people injured,building collapse
accident near indiranagar metro station several people injured,accident
nh48 highway alli crime aagide,crime
high crime near mg road bangalore,crime
nh48 highway pe accident ho gaya,accident
crime near indiranagar metro station two people injured,crime
medium fire near kr market bangalore,fire
silk board bangalore pe gas leak ho gaya,gas leak
help flood happening at indiranagar metro station,flood
mg road bangalore alli building collapse aagide,building collapse
medium fire near nh48 highway,fire
mg road bangalore pe earthquake ho gaya,earthquake
hello there is a crime near indiranagar metro station,crime
majestic bus stand pe accident ho gaya,accident
low accident near kr market bangalore,accident
help crime happening at majestic bus stand,crime
medium gas leak near silk board bangalore,gas leak
crime near electronic city one person injured,crime
high flood near nh48 highway,flood
crime near indiranagar metro station two people injured,crime
help fire happening at majestic bus stand,fire
help gas leak happening at majestic bus stand,gas leak
whitefield bangalore alli building collapse aagide,building collapse
help gas leak happening at nh48 highway,gas leak
kr market bangalore pe gas leak ho gaya,gas leak
hello there is a earthquake near whitefield bangalore,earthquake
help fire happening at silk board bangalore,fire
whitefield bangalore pe building collapse ho gaya,building collapse
help fire happening at electronic city,fire
help building collapse happening at mg road bangalore,building collapse
mg road bangalore pe building collapse ho gaya,building collapse
indiranagar metro station alli crime aagide,crime
help flood happening at indiranagar metro station,flood
help crime happening at kr market bangalore,crime
mg road bangalore pe building collapse ho gaya,building collapse
earthquake near indiranagar metro station two people injured,earthquake
mg road bangalore pe earthquake ho gaya,earthquake
tumkur road pe building collapse ho gaya,building collapse
high fire near kr market bangalore,fire
crime near electronic city,crime
mg road bangalore alli building collapse aagide,building collapse
nh48 highway alli earthquake aagide,earthquake
medium earthquake near kr market bangalore,earthquake
low earthquake near indiranagar metro station,earthquake
silk board bangalore alli earthquake aagide,earthquake
high flood near whitefield bangalore,flood
low earthquake near tumkur road,earthquake
help accident happening at indiranagar metro station,accident
low gas leak near majestic bus stand,gas leak
low crime near whitefield bangalore,crime
hello there is a fire near nh48 highway,fire
help crime happening at whitefield bangalore,crime
indiranagar metro station alli building collapse aagide,building collapse
whitefield bangalore alli flood aagide,flood
help building collapse happening at whitefield bangalore,building collapse
hello there is a crime near kr market bangalore,crime
indiranagar metro station alli accident aagide,accident
hello there is a earthquake near hebbal flyover,earthquake
majestic bus stand pe fire ho gaya,fire
electronic city alli accident aagide,accident
indiranagar metro station alli earthquake aagide,earthquake
majestic bus stand alli gas leak aagide,gas leak
earthquake near tumkur road several people injured,earthquake
earthquake near majestic bus stand three people injured,earthquake
gas leak near indiranagar metro station one person injured,gas leak
building collapse near majestic bus stand three people injured,building collapse
hello there is a accident near whitefield bangalore,accident
hebbal flyover alli fire aagide,fire
gas leak near silk board bangalore two people injured,gas leak
medium building collapse near tumkur road,building collapse
kr market bangalore alli flood aagide,flood
electronic city alli accident aagide,accident
earthquake near nh48 highway one person injured,earthquake
low flood near electronic city,flood
gas leak near electronic city one person injured,gas leak
low earthquake near nh48 highway,earthquake
gas leak near whitefield bangalore two people injured,gas leak
low crime near majestic bus stand,crime
help building collapse happening at majestic bus stand,building collapse
help fire happening at nh48 highway,fire
hello there is a building collapse near majestic bus stand,building collapse
help building collapse happening at silk board bangalore,building collapse
accident near tumkur road three people injured,accident
low accident near hebbal flyover,accident
earthquake near indiranagar metro station three people injured,earthquake
electronic city alli accident aagide,accident
indiranagar metro station alli crime aagide,crime
gas leak near majestic bus stand,gas leak
kr market bangalore pe flood ho gaya,flood
hello there is a building collapse near whitefield bangalore,building collapse
hello there is a fire near indiranagar metro station,fire
majestic bus stand pe earthquake ho gaya,earthquake
high flood near electronic city,flood
building collapse near mg road bangalore one person injured,building collapse
mg road bangalore pe building collapse ho gaya,building collapse
fire near majestic bus stand,fire
hello there is a flood near silk board bangalore,flood
kr market bangalore pe crime ho gaya,crime
help building collapse happening at indiranagar metro station,building collapse
building collapse near kr market bangalore,building collapse
help flood happening at mg road bangalore,flood
accident near electronic city several people injured,accident
high flood near whitefield bangalore,flood
whitefield bangalore alli earthquake aagide,earthquake
fire near kr market bangalore two people injured,fire
hello there is a building collapse near whitefield bangalore,building collapse
electronic city alli gas leak aagide,gas leak
earthquake near nh48 highway one person injured,earthquake
help fire happening at hebbal flyover,fire
high crime near whitefield bangalore,crime
hello there is a gas leak near majestic bus stand,gas leak
majestic bus stand pe building collapse ho gaya,building collapse
crime near nh48 highway several people injured,crime
tumkur road pe building collapse ho gaya,building collapse
tumkur road pe building collapse ho gaya,building collapse
accident near majestic bus stand,accident
gas leak near mg road bangalore,gas leak
building collapse near tumkur road several people injured,building collapse
help crime happening at indiranagar metro station,crime
medium gas leak near indiranagar metro station,gas leak
low crime near kr market bangalore,crime
accident near majestic bus stand,accident
high fire near mg road bangalore,fire
hello there is a earthquake near mg road bangalore,earthquake
earthquake near hebbal flyover several people injured,earthquake
medium accident near mg road bangalore,accident
kr market bangalore alli flood aagide,flood
crime near majestic bus stand three people injured,crime
hello there is a accident near nh48 highway,accident
flood near tumkur road one person injured,flood
indiranagar metro station alli accident aagide,accident
fire near whitefield bangalore several people injured,fire
silk board bangalore alli earthquake aagide,earthquake
earthquake near kr market bangalore two people injured,earthquake
hello there is a flood near kr market bangalore,flood
help gas leak happening at electronic city,gas leak
gas leak near indiranagar metro station one person injured,gas leak
accident near indiranagar metro station,accident
nh48 highway alli accident aagide,accident
crime near tumkur road one person injured,crime
high accident near kr market bangalore,accident
mg road bangalore alli flood aagide,flood
fire near majestic bus stand,fire
high flood near nh48 highway,flood
electronic city pe earthquake ho gaya,earthquake
hello there is a crime near tumkur road,crime
hello there is a building collapse near whitefield bangalore,building collapse
accident near whitefield bangalore,accident
whitefield bangalore alli flood aagide,flood
help flood happening at majestic bus stand,flood
help gas leak happening at tumkur road,gas leak
electronic city pe building collapse ho gaya,building collapse
crime near nh48 highway,crime
hello there is a building collapse near electronic city,building collapse
tumkur road alli flood aagide,flood
fire near hebbal flyover two people injured,fire
high fire near indiranagar metro station,fire
help flood happening at silk board bangalore,flood
indiranagar metro station alli crime aagide,crime
hello there is a crime near silk board bangalore,crime
hebbal flyover pe flood ho gaya,flood
gas leak near hebbal flyover,gas leak
accident near indiranagar metro station,accident
fire near electronic city,fire
hello there is a fire near majestic bus stand,fire
medium crime near hebbal flyover,crime
tumkur road alli fire aagide,fire
help flood happening at hebbal flyover,flood
help gas leak happening at indiranagar metro station,gas leak
accident near whitefield bangalore,accident
high flood near nh48 highway,flood
hebbal flyover alli accident aagide,accident
accident near tumkur road,accident
high building collapse near mg road bangalore,building collapse
help gas leak happening at hebbal flyover,gas leak
silk board bangalore pe flood ho gaya,flood
indiranagar metro station pe fire ho gaya,fire
gas leak near majestic bus stand several people injured,gas leak
accident near kr market bangalore three people injured,accident
medium building collapse near majestic bus stand,building collapse
help fire happening at whitefield bangalore,fire
fire near mg road bangalore,fire
silk board bangalore alli fire aagide,fire
tumkur road alli gas leak aagide,gas leak
flood near hebbal flyover,flood
low accident near electronic city,accident
help earthquake happening at nh48 highway,earthquake
medium building collapse near hebbal flyover,building collapse
nh48 highway pe building collapse ho gaya,building collapse
gas leak near mg road bangalore,gas leak
silk board bangalore pe earthquake ho gaya,earthquake
silk board bangalore pe earthquake ho gaya,earthquake
indiranagar metro station pe crime ho gaya,crime
fire near silk board bangalore two people injured,fire
crime near silk board bangalore,crime
indiranagar metro station alli earthquake aagide,earthquake
whitefield bangalore pe crime ho gaya,crime
hello there is a fire near hebbal flyover,fire
crime near tumkur road three people injured,crime
help crime happening at silk board bangalore,crime
majestic bus stand pe flood ho gaya,flood
building collapse near silk board bangalore two people injured,building collapse
help flood happening at electronic city,flood
help gas leak happening at indiranagar metro station,gas leak
accident near whitefield bangalore,accident
help crime happening at mg road bangalore,crime
earthquake near majestic bus stand,earthquake
majestic bus stand alli gas leak aagide,gas leak
low flood near majestic bus stand,flood
hello there is a earthquake near indiranagar metro station,earthquake
kr market bangalore alli flood aagide,flood
help gas leak happening at electronic city,gas leak
hello there is a gas leak near whitefield bangalore,gas leak
flood near kr market bangalore one person injured,flood
electronic city alli gas leak aagide,gas leak
high accident near whitefield bangalore,accident
low flood near nh48 highway,flood
mg road bangalore pe crime ho gaya,crime
medium building collapse near tumkur road,building collapse
hello there is a earthquake near hebbal flyover,earthquake
flood near kr market bangalore,flood
high building collapse near kr market bangalore,building collapse
help accident happening at electronic city,accident
earthquake near indiranagar metro station,earthquake
building collapse near silk board bangalore one person injured,building collapse
silk board bangalore pe building collapse ho gaya,building collapse
nh48 highway pe earthquake ho gaya,earthquake
help accident happening at electronic city,accident
building collapse near nh48 highway several people injured,building collapse
help crime happening at tumkur road,crime
help flood happening at electronic city,flood
help flood happening at tumkur road,flood
building collapse near silk board bangalore one person injured,building collapse
flood near silk board bangalore,flood
tumkur road alli earthquake aagide,earthquake
hello there is a crime near majestic bus stand,crime
help accident happening at silk board bangalore,accident
help earthquake happening at silk board bangalore,earthquake
low crime near indiranagar metro station,crime
help earthquake happening at tumkur road,earthquake
medium building collapse near hebbal flyover,building collapse
accident near whitefield bangalore,accident
help accident happening at nh48 highway,accident
accident near nh48 highway three people injured,accident
kr market bangalore pe building collapse ho gaya,building collapse
low building collapse near hebbal flyover,building collapse
help accident happening at tumkur road,accident
accident near tumkur road several people injured,accident
whitefield bangalore alli crime aagide,crime
low gas leak near hebbal flyover,gas leak
nh48 highway pe accident ho gaya,accident
gas leak near hebbal flyover,gas leak
whitefield bangalore alli earthquake aagide,earthquake
electronic city alli building collapse aagide,building collapse
tumkur road pe fire ho gaya,fire
silk board bangalore pe fire ho gaya,fire
hello there is a gas leak near whitefield bangalore,gas leak
fire near kr market bangalore,fire
flood near tumkur road three people injured,flood
hello there is a gas leak near tumkur road,gas leak
high fire near electronic city,fire
accident near mg road bangalore two people injured,accident
whitefield bangalore alli building collapse aagide,building collapse
help gas leak happening at mg road bangalore,gas leak
hello there is a flood near whitefield bangalore,flood
hello there is a flood near tumkur road,flood
earthquake near tumkur road,earthquake
crime near electronic city two people injured,crime
mg road bangalore pe crime ho gaya,crime
hello there is a flood near kr market bangalore,flood
kr market bangalore pe crime ho gaya,crime
silk board bangalore alli accident aagide,accident
low flood near whitefield bangalore,flood
building collapse near whitefield bangalore two people injured,building collapse
medium building collapse near tumkur road,building collapse
indiranagar metro station alli flood aagide,flood
flood near silk board bangalore,flood
medium crime near hebbal flyover,crime
majestic bus stand pe earthquake ho gaya,earthquake
medium earthquake near majestic bus stand,earthquake
low gas leak near nh48 highway,gas leak
crime near mg road bangalore,crime
gas leak near nh48 highway,gas leak
help building collapse happening at silk board bangalore,building collapse
